0, 0.029402
0.537802, 0.029402
0.976658, 0.029401
1.509385, 0.029399
2.000231, 0.029399
2.486219, 0.029413
3.024624, 0.029469
3.557846, 0.029469
3.997007, 0
5.020689, 0.15082
5.603597, 0.15244
5.994684, 0.1529
6.531345, -0.11626
7.021371, 0.13558
7.506561, 0.17602
8.0442, 0.17601
8.579517, 0.17594
9.018209, 0.17594
9.505675, 0.17595
10.0421, 0.17589
10.57618, 0.17588
11.01465, 0.17587
11.55325, 0.17588
12.09019, 0.17587
12.52704, 0.17588
13.11329, 0.17599
13.60075, 0.17586
14.03992, 0.17588
14.57674, 0.1758
15.16073, 0.17591
15.55085, 0.17589
16.0416, 0.17596
16.57447, 0.1758
17.06546, 0.17589
17.54821, 0.09829
18.08779, -0.1353
18.57572, -0.13529
19.11176, -0.13454
19.54894, -0.13392
20.13416, -0.13286
20.57135, -0.13253
21.2066, -0.13247
21.59564, -0.13115
22.13256, -0.13061
22.6677, -0.12925
23.10906, -0.12926
23.64296, -0.12846
24.08141, -0.12796
24.61808, -0.12709
25.15524, -0.12687
25.64222, -0.12698
26.0807, -0.12594
26.61698, -0.12573
27.10394, -0.12557
27.59199, -0.12453
28.27499, -0.12419
28.61759, -0.1235
29.1538, -0.12349
29.68745, -0.1229
30.12734, -0.1226
30.61327, -0.1222
31.15224, -0.12211
31.68688, -0.12208
32.32002, -0.1214
32.61589, -0.12125
33.14978, -0.12066
33.63631, -0.12057
34.12666, -0.12014
34.6626, -0.11967
35.1972, -0.11903
35.63573, -0.11903
36.70992, -0.11827
37.14722, -0.11821
37.73512, -0.11799
38.1702, -0.11722
38.65818, -0.11666
39.14385, -0.11626
39.68353, -0.1162
40.17095, -0.11418
40.65567, -0.11504
41.14414, -0.11353
41.68022, -0.11347
42.21696, -0.1131
42.65575, -0.11191
43.19202, -0.11145
43.68157, -0.11062
44.16915, -0.1106
44.70561, -0.10967
45.19232, -0.10912
45.67858, -0.10765
46.70139, -0.10705
47.18878, -0.10545
47.67772, -0.10552
48.30919, -0.10498
48.70071, -0.10375
49.18755, -0.10266
50.21218, -0.10175
50.69872, -0.10024
51.18689, -0.1
51.8213, -0.09779
52.21118, -0.09776001
52.69909, -0.09601001
53.23415, -0.09573001
53.72159, -0.09456
54.21015, -0.09359
54.74611, -0.09359
55.2332, -0.09218001
55.76978, -0.09173001
56.35531, -0.09009
56.74317, -0.08987001
57.27981, -0.0895
57.71741, -0.08794001
58.25517, -0.08777
58.88908, -0.08703
59.27917, -0.08598001
59.81736, -0.08490001
60.30418, -0.08422001
60.74237, -0.08421
61.22949, -0.08280001
61.86334, -0.08240001
62.25364, -0.08102
62.83797, -0.08101001
63.32387, -0.08055001
63.76443, -0.07954001
64.25219, -0.07871
64.83703, -0.07812001
65.2765, -0.0781
65.76334, -0.07663
66.78875, -0.07532001
67.27525, -0.07532001
67.76299, -0.07497001
68.29858, -0.07401001
68.78516, -0.07412001
69.27598, -0.07282
69.80824, -0.07272001
70.29942, -0.07194
70.78476, -0.07148001
71.27014, -0.07148001
71.80933, -0.07031
72.29581, -0.07003
72.78275, -0.06907
73.37038, -0.06907
73.8545, -0.06871
74.34399, -0.0679
74.88158, -0.06717
75.31666, -0.06666001
75.80576, -0.06663
76.82912, -0.06528001
77.31685, -0.06395
77.80499, -0.06401
78.33926, -0.06347001
78.82848, -0.06249001
79.31808, -0.06257001
79.90323, -0.0611
80.33916, -0.06108001
80.82642, -0.05994
81.84857, -0.05951
82.33806, -0.05787
82.82533, -0.05746
83.36152, -0.05614
83.84978, -0.05612
84.33833, -0.05528
84.87244, -0.0543
85.40788, -0.05309
85.84666, -0.05249
86.38448, -0.05249
86.87221, -0.05066
87.45713, -0.05059
87.84593, -0.005009
88.38288, 0
88.86851, -0.049456
89.40791, -0.049456
89.94267, -0.046561
90.38165, -0.044331
90.86912, -0.044331
91.89493, -0.043993
92.42929, -0.042607
93.01447, -0.040971
93.40244, -0.040971
93.94041, -0.039877
94.42654, -0.038746
95.40579, -0.030039
95.88898, -0.030039
96.91522, -0.027813
97.45313, -0.027813
97.88882, -0.026252
98.52335, -0.026252
98.96228, -0.025127
99.40056, -0.024184
99.98593, -0.024184
100.4253, -0.022865
100.9114, -0.021439
101.3996, -0.021439
101.9358, -0.020435
102.4731, -0.020435
102.9102, -0.019382
103.4474, -0.01715
103.9327, -0.01715
104.421, -0.016885
104.9579, -0.016885
105.4453, -0.015938
105.9362, -0.014222
106.9559, -0.013164
107.4958, -0.012224
107.9797, -0.012224
108.4696, -0.01084
108.955, -0.01084
109.4431, -0.009686001
109.9792, -0.008773
110.4672, -0.008773
110.9536, -0.007627
111.4909, -0.006132
111.9785, -0.006132
112.5153, -0.005161
112.9568, -0.005161
113.4917, -0.004141
113.9765, -0.002545
114.5616, -0.002545
115.0496, -0.000713
115.4887, -0.000713
116.0246, -0.000537
116.608, 0.001163
117.0971, 0.001163
117.5363, 0.002542
117.9753, 0.003641
118.5136, 0.003641
118.9966, 0.005174
119.4866, 0.005174
120.0222, 0.006848
120.5097, 0.007999
120.9958, 0.007999
121.4863, 0.009347
122.0197, 0.009347
122.5572, 0.011379
122.9951, 0.01263
123.5315, 0.01263
124.0183, 0.013929
124.5573, 0.016088
125.0423, 0.016088
125.5313, 0.017499
126.0666, 0.017499
127.0417, 0.020718
127.5288, 0.020718
128.0154, 0.023079
128.5541, 0.023733
129.0409, 0.023733
129.5261, 0.025357
130.0647, 0.025357
130.552, 0.027153
131.0387, 0.028224
131.5765, 0.028224
132.0626, 0.029292
132.5516, 0.029292
133.0384, 0.030983
133.6227, 0.03204
134.0618, 0.03204
134.5497, 0.033073
135.0863, 0.034529
135.5734, 0.034529
136.061, 0.035556
136.55, 0.035556
137.0838, 0.036338
137.6223, 0.037385
138.1554, 0.037385
138.5964, 0.038508
139.0836, 0.039271
139.571, 0.039271
140.1051, 0.04012
140.595, 0.04012
141.1331, 0.041649
141.6679, 0.041876
142.1556, 0.041876
142.5943, 0.042493
143.0803, 0.042493
143.6173, 0.043489
144.1046, 0.044092
144.5931, 0.044092
145.6134, 0.045322
146.1026, 0.045322
146.5885, 0.045896
147.126, 0.045896
147.6142, 0.04642
148.1008, 0.047149
148.6394, 0.047149
149.124, 0.04825
149.6128, 0.04825
150.099, 0.048925
150.6876, 0.049604
151.1227, 0.049604
151.6116, 0.050635
152.1463, 0.051389
152.6364, 0.051389
153.1226, 0.051718
153.6581, 0.051718
154.1458, 0.052497
154.6829, 0.052987
155.6586, 0.053345
156.1464, 0.053763
157.1693, 0.05415
157.6592, 0.05415
158.1429, 0.054395
158.6836, 0.054662
159.1684, 0.054662
159.6558, 0.054981
160.1945, 0.054981
160.7277, 0
161.216, 0
161.6569, 0
162.1909, 0
162.7267, 0.07651
163.1653, 0.05583001
163.703, 0.05613
164.1895, 0.05629
164.726, 0.05628
165.7014, 0.05681
166.2357, 0.05709
166.6759, 0.05709
167.2592, 0.05726
167.701, 0.0575
168.1864, 0.05769
168.7236, 0.05782
169.2599, 0.0578
169.6994, 0.05818
170.2367, 0.05819
170.771, 0.05861
171.2608, 0.05849
171.6972, 0.0587
172.2841, 0.05893
172.7238, 0.05882
173.2086, 0.05909
173.7452, 0.05914
174.2326, 0.05945
174.7209, 0.05963
175.2579, 0.05965
175.7423, 0.06021
176.2309, 0.06041
176.7655, 0.06087
177.2542, 0.06089
177.741, 0.06175
178.7662, 0.06223
179.2524, 0.0625
179.7415, 0.06248
180.2793, 0.06355
180.8132, 0.06371
181.2518, 0.06463
181.7898, 0.0646
182.2755, 0.06485
182.812, 0.06565
183.2505, 0.06555001
183.7876, 0.06614
184.2733, 0.06656
184.7636, 0.06734
185.2984, 0.06764
185.8835, 0.06765001
186.2726, 0.06868
186.8105, 0.06903
187.2973, 0.06976
187.7847, 0.06978
188.8553, 0.07073001
189.2953, 0.07224
189.7813, 0.07185
190.3214, 0.07186
190.8072, 0.07289001
191.2945, 0.07291001
191.8797, 0.074
192.3182, 0.07393
192.8053, 0.07434
193.8291, 0.07499
194.3192, 0.07571001
194.8026, 0.07605001
195.3392, 0.07708
195.8291, 0.0771
196.3156, 0.07723001
196.853, 0.07833
197.3399, 0.0786
197.8744, 0.07941001
198.3636, 0.07947001
198.8517, 0.08016001
199.3883, 0.08068001
199.8274, 0.08159
200.3623, 0.08188
200.8472, 0.08186001
201.3354, 0.08329
201.8737, 0.08327
202.508, 0.08473001
202.8974, 0.08472001
203.4358, 0.08547001
203.8735, 0.08636001
204.4103, 0.08637001
204.8464, 0.08729
205.3871, 0.08768
205.8712, 0.08906
206.4084, 0.08918001
206.896, 0.08952
207.3816, 0.09065001
207.9185, 0.09139001
208.4569, 0.09209
208.8925, 0.0922
209.3804, 0.09318001
209.8688, 0.09367
210.4052, 0.09521
210.8929, 0.09534
211.4308, 0.09558
211.9175, 0.09713
212.4037, 0.09715001
212.8918, 0.09875
213.4292, 0.09876001
213.9147, 0.09981
214.4017, 0.10052
214.9393, 0.1005
215.4252, 0.1023
215.917, 0.10239
216.3995, 0.10401
216.9389, 0.10387
217.4248, 0.10429
217.9124, 0.10542
218.4505, 0.10622
218.936, 0.10695
219.4229, 0.10702
220.0106, 0.1082
220.4473, 0.10859
220.984, 0.11004
221.423, 0.11005
221.9592, 0.11039
222.4949, 0.11151
222.9335, 0.1115
223.4693, 0.11209
223.9573, 0.11265
224.4445, 0.11401
224.9812, 0.11476
225.4681, 0.11482
225.9561, 0.11627
226.9785, 0.11784
227.4664, 0.11778
228.003, 0.11838
228.4933, 0.11925
228.9793, 0.11924
229.4654, 0.12074
230.0995, 0.12093
230.4902, 0.12237
230.9796, 0.12238
231.5131, 0.12278
232.0004, 0.1237
232.4891, 0.12446
232.9759, 0.1249
233.5605, 0.12489
233.9998, 0.12624
234.5366, 0.12632
235.0755, 0.12669
235.5105, 0.12784
236.0001, 0.12857
236.5351, 0.1292
237.0217, 0.12904
237.512, 0.13012
238.0484, 0.13027
238.5833, 0.1315
239.0722, 0.13151
239.5085, 0.13266
240.0957, 0.13281
240.6278, 0.13292
241.0711, 0.13417
241.5083, 0.13418
242.0466, 0.13528
242.5332, 0.13543
243.0167, 0.13535
243.5528, 0.13667
244.093, 0.13692
244.53, 0.13775
245.5536, 0.13843
246.0898, 0.13894
246.5286, 0.13983
247.0648, 0.14016
247.6017, 0.1401
248.041, 0.14118
248.5755, 0.14124
249.1128, 0.14185
249.5561, 0.14186
250.0854, 0.14222
250.5746, 0.14278
251.0606, 0.14277
251.5511, 0.14375
252.137, 0.14381
252.5751, 0.14501
253.0602, 0.14502
253.5955, 0.14519
254.0828, 0.14609
254.5717, 0.1464
255.1062, 0.14711
255.5957, 0.14697
256.0844, 0.14752
256.5732, 0.14791
257.1073, 0.14877
257.5945, 0.14914
258.0844, 0.14903
258.6211, 0.15016
259.1081, 0.15024
259.5931, 0.15109
260.6172, 0.15159
261.1047, 0.15217
261.5927, 0.15216
262.1285, 0.15349
262.616, 0.15358
263.106, 0.15475
263.6422, 0.15487
264.1297, 0.155
264.6148, 0.1558
265.1534, 0.15617
265.638, 0.15659
266.1733, 0.15668
266.6151, 0.15733
267.1498, 0.15767
267.6372, 0.15862
268.1743, 0.15882
268.6611, 0.15881
269.1477, 0.15982
269.6373, 0.15983
270.1724, 0.16072
270.6599, 0.16073
271.1455, 0.16127
271.734, 0.16168
272.2697, 0.1616
272.66, 0.16227
273.1949, 0.16236
273.8288, 0.16299
274.1686, 0.16299
274.7069, 0.1632
275.2416, 0.16365
275.779, 0.16391
276.2183, 0.16431
276.6581, 0.16432
277.193, 0.16507
277.6793, 0.16498
278.1689, 0.16545
278.7053, 0.16555
279.191, 0.16567
279.6786, 0.16622
280.2169, 0.16633
280.7006, 0.16711
281.1896, 0.16709
282.215, 0.1675
282.7013, 0.16751
283.1871, 0.16782
283.7237, 0.16783
284.2151, 0.16819
284.7018, 0.16817
285.2363, 0.16832
285.7234, 0.16869
286.2111, 0.16894
286.6981, 0.16895
287.2338, 0.16902
287.7227, 0.16902
288.2111, 0.16896
288.7463, 0.16907
289.236, 0.16922
289.7238, 0.1693
290.2595, 0.16943
290.7472, 0.16945
291.2318, 0.16952
292.2556, 0.16949
292.7902, 0.16957
293.2334, 0.16954
293.7676, 0.16953
294.257, 0.16943
294.7418, 0.16945
295.2809, 0.16954
295.7656, 0.16954
296.2518, 0.16966
297.2769, 0.16993
297.7649, 0.17001
298.2554, 0.17026
298.7892, 0.17028
299.2784, 0.17046
299.767, 0.17037
300.3058, 0.17037
300.7876, 0.17044
301.3258, 0.17043
301.7631, 0.17067
302.2982, 0.17067
302.7865, 0.17081
303.2743, 0.17087
303.8564, 0.17087
304.2994, 0.1708
304.7849, 0.17086
305.3204, 0.17075
305.8093, 0.17083
306.2961, 0.17091
306.8325, 0.17099
307.3203, 0.17131
307.807, 0.17133
308.4424, 0.1714
308.8317, 0.17168
309.3173, 0.17169
309.8054, 0.17197
310.3425, 0.17204
310.829, 0.17212
311.3172, 0.17228
311.8527, 0.17222
312.3433, 0.17254
312.8291, 0.17253
313.3163, 0.17294
313.8526, 0.17293
314.3387, 0.17332
314.9738, 0.17347
315.3637, 0.17361
315.8999, 0.17388
316.3387, 0.17382
316.9245, 0.17402
317.364, 0.17435
317.8501, 0.17477
318.3355, 0.17495
318.874, 0.17494
319.3606, 0.17555
319.8495, 0.17553
320.3845, 0.17621
320.8726, 0.17618
321.3622, 0.17655
321.8961, 0.17687
322.3862, 0.17701
322.8713, 0.17758
323.3603, 0.17768
323.9467, 0.17832
324.3828, 0.17842
324.8707, 0.17848
325.407, 0.17902
325.8958, 0.17934
326.3829, 0.18003
327.4071, 0.18114
327.8926, 0.18119
328.3797, 0.18216
328.9156, 0.18237
329.4024, 0.18238
329.8926, 0.1835
330.4252, 0.18357
330.9174, 0.18457
331.4054, 0.1845
331.9386, 0.1851
332.4285, 0.18555
332.9662, 0.18564
333.4015, 0.18687
333.9377, 0.18689
334.5233, 0.18786
334.9622, 0.18802
335.4494, 0.18821
335.9354, 0.18899
336.4262, 0.1897
337.4492, 0.19035
337.9823, 0.19111
338.9588, 0.19292
339.4468, 0.19284
339.9343, 0.19296
340.4702, 0.19376
340.9575, 0.1937
341.4946, 0.19434
341.9821, 0.19436
342.5183, 0.19468
343.0044, 0.19498
343.5413, 0.195
343.9805, 0.1953
344.4675, 0.1953
344.9584, 0.19561
345.4916, 0.19558
346.0278, 0.1956
346.4683, 0.19565
347.4921, 0.19556
347.9795, 0.19555
348.4651, 0.19537
349.0517, 0.19532
349.4889, 0.19476
350.0271, 0.19477
350.5116, 0.1946
350.9995, 0.19407
351.4863, 0.194
352.0235, 0.19328
352.5134, 0.19327
352.9986, 0.19273
354.0229, 0.19217
354.5108, 0.19127
354.9978, 0.19126
355.5351, 0.1906
356.0214, 0.19066
356.5107, 0.19035
357.0454, 0.1897
357.5347, 0.18924
358.0692, 0.18902
358.5063, 0.18903
359.0461, 0.18845
359.7244, 0.18833
360.0677, 0.18767
360.5529, 0.18776
361.0427, 0.18762
361.5321, 0.18723
362.0675, 0.18715
362.5538, 0.18699
363.0413, 0.187
363.627, 0.18685
364.0656, 0.18665
364.6034, 0.18673
365.0392, 0.18628
365.5757, 0.18638
366.0643, 0.18619
366.5995, 0.18627
367.1356, 0.18614
367.5771, 0.18606
368.065, 0.18605
368.6017, 0.18598
369.0879, 0.186
369.5741, 0.18601
370.0612, 0.18601
370.5978, 0.18588
371.0858, 0.18597
371.576, 0.18595
372.1088, 0.18574
372.6463, 0.18573
373.0856, 0.18572
373.6199, 0.18572
374.1069, 0.18578
374.5952, 0.18586
375.1336, 0.18579
375.6656, 0.18592
376.1063, 0.18593
376.6421, 0.18586
377.13, 0.18587
377.6192, 0.18576
378.1076, 0.18561
378.6412, 0.18553
379.177, 0.18538
379.667, 0.18545
380.1037, 0.18534
380.642, 0.18533
381.1254, 0.18514
381.6657, 0.18515
382.2, 0.18502
382.641, 0.18476
383.1243, 0.18483
383.6642, 0.18483
384.1512, 0.18484
384.6885, 0.18485
385.1756, 0.18494
385.6639, 0.18477
386.1995, 0.18478
386.6382, 0.18458
387.2226, 0.18449
387.6626, 0.18447
388.1454, 0.18428
388.6865, 0.18409
389.2201, 0.18371
389.6588, 0.18373
390.1965, 0.18373
390.6824, 0.1835
391.221, 0.18338
391.7045, 0.18316
392.1923, 0.18314
392.6815, 0.18312
393.1712, 0.18293
393.7522, 0.18275
394.1942, 0.18265
394.6814, 0.18259
395.2164, 0.18225
395.7062, 0.18226
396.2417, 0.18183
396.6789, 0.18175
397.2148, 0.18172
397.7021, 0.18121
398.1915, 0.18129
398.7248, 0.181
399.2161, 0.18083
399.7001, 0.1804
400.2857, 0.18031
400.7258, 0.18029
401.2128, 0.17975
401.7492, 0.17943
402.2369, 0.17924
402.724, 0.17926
403.2593, 0.1791
403.7477, 0.17894
404.237, 0.17872
404.7249, 0.17861
405.2582, 0.17863
405.7454, 0.17832
406.2844, 0.17843
407.256, 0.17788
407.8417, 0.17759
408.2326, 0.17707
408.7689, 0.17707
409.2598, 0.17627
409.7439, 0.17597
410.3293, 0.17547
410.7681, 0.17535
411.2554, 0.17535
412.2781, 0.17491
412.7672, 0.17455
413.2562, 0.17447
413.7908, 0.17389
414.3271, 0.17361
414.7658, 0.17325
415.3507, 0.17319
415.8891, 0.17317
416.2774, 0.17306
416.8617, 0.173
417.3001, 0.17265
417.7854, 0.17266
418.8581, 0.17185
419.3, 0.17183
419.7866, 0.17125
420.3718, 0.17109
420.8582, 0.17119
421.2999, 0.17117
421.8365, 0.17125
422.3731, 0.17125
422.809, 0.17092
423.3956, 0.17061
423.8814, 0.17062
424.3704, 0.17009
425.3443, 0.16969
425.8308, 0.16961
426.3203, 0.16943
426.8546, 0.16941
427.3421, 0.16942
427.8784, 0.16886
428.8556, 0.1685
429.3413, 0.16819
429.829, 0.16821
430.3654, 0.16791
430.8521, 0.16781
431.388, 0.16782
431.8774, 0.16771
432.3655, 0.16769
432.8515, 0.16759
433.3897, 0.16737
433.8766, 0.16717
434.3603, 0.16698
434.8518, 0.16663
435.4373, 0.1664
435.8748, 0.16583
436.3636, 0.16574
436.8966, 0.16561
437.4851, 0.16496
437.873, 0.16506
438.4084, 0.1646
438.8957, 0.16461
439.385, 0.16462
440.4074, 0.16479
440.9435, 0.16465
441.3853, 0.16464
441.9205, 0.16444
442.5069, 0.16438
442.9424, 0.16429
443.4323, 0.16421
443.9172, 0.16413
444.4051, 0.164
444.9903, 0.16402
445.429, 0.16378
445.9164, 0.16377
446.938, 0.16328
447.43, 0.1632
447.9675, 0.16311
448.4529, 0.1632
448.9384, 0.16347
449.4775, 0.16341
449.9636, 0.16371
450.4501, 0.1637
450.9865, 0.16371
452.0094, 0.16392
452.4507, 0.16433
452.9832, 0.16434
453.4744, 0.16467
453.9582, 0.16506
454.4477, 0.16529
455.0334, 0.16543
455.5225, 0.16551
455.9585, 0.16548
456.4494, 0.16528
456.9822, 0.16556
457.52, 0.16557
458.0049, 0.16586
458.5429, 0.16633
458.984, 0.16632
459.469, 0.16695
460.0532, 0.16696
460.5439, 0.16726
460.9806, 0.16726
461.5659, 0.16727
462.0034, 0.16773
462.541, 0.16791
462.9777, 0.1684
463.5145, 0.1684
464.0025, 0.16891
464.5393, 0.16882
465.0775, 0.16907
465.514, 0.16908
466.0497, 0.16908
466.5371, 0.16987
467.0735, 0.16981
467.5123, 0.17133
468.0008, 0.17139
468.5852, 0.17165
469.0262, 0.17228
469.5093, 0.17219
470.0979, 0.17265
470.5331, 0.17274
471.0227, 0.17327
471.5592, 0.17338
472.0471, 0.17355
472.5363, 0.17514
473.0234, 0.17586
473.5593, 0.17676
474.0924, 0.17689
474.534, 0.17729
475.0711, 0.17763
475.5558, 0.17821
476.0434, 0.1785
476.6302, 0.17875
477.0654, 0.1797
477.5574, 0.17981
478.6265, 0.18156
479.0668, 0.18211
479.6032, 0.18269
480.0882, 0.18267
480.5767, 0.18294
481.1148, 0.18292
481.653, 0.1837
482.0895, 0.18364
482.6263, 0.18376
483.0642, 0.18473
483.6498, 0.18503
484.1368, 0.18574
484.5779, 0.18572
485.1593, 0.18603
485.599, 0.18618
486.0843, 0.1866
486.6225, 0.18658
487.1084, 0.18656
487.5956, 0.18731
488.0873, 0.18723
488.6241, 0.1887
489.1074, 0.18888
489.5943, 0.18948
490.1303, 0.19019
490.6229, 0.19017
491.1071, 0.19079
492.1797, 0.1912
492.6192, 0.19118
493.1062, 0.19132
493.6941, 0.1917
494.1296, 0.1922
494.6643, 0.19261
495.2031, 0.19259
495.6901, 0.19325
496.1284, 0.19347
496.6671, 0.19418
497.1514, 0.1942
497.6403, 0.19429
498.1298, 0.19465
498.6649, 0.19463
499.1556, 0.19532
499.641, 0.19539
500.2231, 0.19623
500.7608, 0.19675
501.1488, 0.19677
501.6895, 0.19782
502.1722, 0.1978
502.6615, 0.19803
503.6853, 0.19815
504.2211, 0.19851
504.6624, 0.19917
505.1965, 0.19968
505.7328, 0.19966
506.171, 0.20097
506.7091, 0.20153
507.1947, 0.20282
507.6823, 0.20284
508.1679, 0.20314
508.7059, 0.20427
509.1972, 0.20516
509.6815, 0.2063
510.2198, 0.20629
510.7043, 0.20774
511.1934, 0.20841
511.7313, 0.20842
512.2211, 0.20981
512.7035, 0.21009
513.2417, 0.21142
513.7286, 0.21141
514.2146, 0.21284
514.7007, 0.21356
515.3391, 0.21486
515.7262, 0.21583
516.265, 0.21584
516.8478, 0.21724
517.2375, 0.21765
517.7245, 0.21917
518.2108, 0.21909
518.749, 0.21979
519.2363, 0.22136
519.7246, 0.22134
520.3576, 0.22348
520.7479, 0.22349
521.2333, 0.22445
521.7715, 0.22477
522.2585, 0.22479
522.7473, 0.22596
523.235, 0.22631
523.8677, 0.22754
524.2601, 0.22753
524.7449, 0.22843
525.2809, 0.2295
525.8152, 0.2308
526.3047, 0.23079
526.7905, 0.23079
527.2789, 0.23151
527.7674, 0.2317
528.3021, 0.23269
528.7933, 0.23258
529.3272, 0.23311
529.767, 0.23413
530.3047, 0.23489
530.8392, 0.23535
531.276, 0.23533
531.8143, 0.23586
532.3013, 0.23587
532.79, 0.23602
533.4714, 0.23638
533.8106, 0.2367
534.2988, 0.23741
534.8361, 0.23733
535.3249, 0.23805
535.8118, 0.23859
536.3025, 0.23932
536.8828, 0.23967
537.3224, 0.23965
537.8114, 0.24006
538.3461, 0.24015
538.8336, 0.24052
539.4188, 0.24049
540.3431, 0.24115
540.8306, 0.24171
541.3197, 0.24185
541.8552, 0.24176
542.3467, 0.24246
542.8798, 0.24246
543.3673, 0.24265
543.8541, 0.24326
544.3939, 0.24349
544.8303, 0.24382
545.3666, 0.24381
545.8532, 0.24418
546.3416, 0.24446
546.8781, 0.24502
547.414, 0.24528
547.9015, 0.24529
548.3875, 0.24586
548.9745, 0.24589
549.3636, 0.24614
549.9004, 0.24614
550.6326, 0.24633
550.875, 0.24633
551.365, 0.24691
551.9012, 0.2468
552.4349, 0.24693
552.9263, 0.24732
553.4086, 0.24733
553.946, 0.24733
554.3856, 0.24744
554.8741, 0.24745
555.407, 0.24778
555.8965, 0.24766
556.4312, 0.24817
556.9225, 0.24839
557.4076, 0.24907
557.8953, 0.24906
558.434, 0.24915
558.97, 0.24943
559.4575, 0.2493
559.8942, 0.24928
560.4314, 0.24929
560.9178, 0.24945
561.4058, 0.24969
561.9415, 0.25028
562.4278, 0.25026
562.9166, 0.25035
563.4555, 0.25074
563.9911, 0.25073
564.4257, 0.25073
564.9173, 0.25078
565.4506, 0.25088
565.937, 0.2509
566.4246, 0.25089
566.963, 0.25143
567.4522, 0.25159
567.9359, 0.25201
568.4757, 0.25201
568.9611, 0.25203
569.4486, 0.25203
569.9366, 0.25195
570.4727, 0.25202
570.9604, 0.25189
571.4498, 0.25233
571.985, 0.25241
572.4707, 0.25291
572.9605, 0.25283
573.4969, 0.25282
573.9828, 0.25294
574.4683, 0.25287
574.9564, 0.25286
575.4933, 0.25268
575.9816, 0.25279
576.4711, 0.25296
577.0543, 0.25298
577.5422, 0.25333
578.0298, 0.25333
578.5662, 0.25363
579.0529, 0.25354
579.4918, 0.25355
580.5665, 0.25344
581.0042, 0.25353
581.4893, 0.25351
582.0274, 0.25372
582.5137, 0.25374
583.0505, 0.25394
583.5392, 0.25408
584.0275, 0.25417
584.5142, 0.2544
585.0006, 0.25433
585.538, 0.25457
586.025, 0.2545
586.5094, 0.25459
587.0474, 0.2547
587.5362, 0.25461
588.0244, 0.25473
588.5612, 0.25457
589.0961, 0.25466
589.5339, 0.25458
590.6061, 0.25476
591.0454, 0.25501
591.5324, 0.25509
592.0696, 0.25509
592.6034, 0.2554
593.045, 0.25558
593.5817, 0.2558
594.0701, 0.25586
594.6047, 0.256
595.0939, 0.25632
595.6747, 0.25634
596.0667, 0.25681
597.0888, 0.25702
597.5803, 0.25721
598.0662, 0.25722
598.6042, 0.25775
599.0914, 0.25804
599.576, 0.2587
600.1147, 0.25868
600.6524, 0.25939
601.0869, 0.2594
601.577, 0.25994
602.1117, 0.26032
602.5981, 0.2603
603.185, 0.23457
603.6218, 0.259
604.1104, 0.25984
604.6474, 0.25967
605.6243, 0.26039
606.1094, 0.26037
607.1331, 0.26062
607.6199, 0.26074
608.1105, 0.26073
608.6439, 0.26072
609.1311, 0.26097
609.6193, 0.26099
610.1559, 0.261
610.6901, 0.261
611.1299, 0.26099
611.6157, 0.26085
612.1538, 0.26087
612.6411, 0.26088
613.1294, 0.26088
613.6649, 0.26079
614.2017, 0.2608
614.6398, 0.26071
615.178, 0.26069
615.6629, 0.26075
616.1511, 0.26036
616.639, 0.2602
617.1763, 0.2596
617.7139, 0.2595
618.1533, 0.25948
618.6862, 0.25917
619.2231, 0.25915
619.6612, 0.25889
620.2001, 0.2589
620.6853, 0.25867
621.1717, 0.25837
621.6613, 0.25839
622.1974, 0.25796
622.6839, 0.25764
623.1731, 0.25731
623.7568, 0.25728
624.1975, 0.25717
624.7322, 0.2573
625.2192, 0.25721
625.7087, 0.25693
626.2454, 0.25702
627.2183, 0.25667
627.7062, 0.25657
628.1931, 0.25642
628.7293, 0.25632
629.2662, 0.25639
629.7064, 0.25631
630.2883, 0.25636
630.7296, 0.25629
631.2665, 0.25629
631.7031, 0.25616
632.24, 0.25607
632.7765, 0.25605
633.2165, 0.25566
633.7512, 0.25579
634.2355, 0.25562
634.7252, 0.25555
635.4088, 0.25575
635.7976, 0.25573
636.3806, 0.25583
636.7225, 0.25582
637.3116, 0.25583
637.7971, 0.2557
638.7723, 0.25536
639.2601, 0.25538
639.7468, 0.25539
640.2831, 0.2555
640.7705, 0.25578
641.2601, 0.2562
641.843, 0.25618
642.2833, 0.25651
642.7693, 0.25671
643.257, 0.25669
643.794, 0.25681
644.3313, 0.2568
644.7684, 0.25657
645.3043, 0.25656
645.7918, 0.25664
646.3276, 0.25685
646.8135, 0.25693
647.304, 0.25765
647.7905, 0.25756
648.3276, 0.25793
648.8145, 0.25853
649.3022, 0.25895
649.7898, 0.25923
650.3234, 0.25924
650.8115, 0.25991
651.3026, 0.26003
651.8369, 0.26142
652.3269, 0.2611
652.8582, 0.26109
653.2989, 0.26224
653.8351, 0.26225
654.3217, 0.26328
654.8109, 0.2632
655.4448, 0.26367
655.8364, 0.26401
656.3243, 0.26413
656.8574, 0.26501
657.349, 0.26491
657.883, 0.2658
658.8563, 0.26594
659.344, 0.26718
659.8297, 0.26741
660.3658, 0.26837
660.904, 0.26836
661.3463, 0.26869
661.8811, 0.26926
662.4156, 0.26975
662.8544, 0.27011
663.8759, 0.27075
664.4163, 0.27101
665.4362, 0.27175
665.8767, 0.27173
666.4139, 0.27242
666.9028, 0.27236
667.388, 0.27251
667.8748, 0.27239
668.4606, 0.27229
668.8985, 0.27157
669.3876, 0.27154
670.4101, 0.27132
670.9, 0.2723
671.388, 0.27286
671.9236, 0.27287
672.4111, 0.27351
672.8989, 0.27359
673.4318, 0.27317
673.922, 0.27301
674.4081, 0.27289
674.8958, 0.27144
675.4308, 0.27117
675.9193, 0.27035
676.4068, 0.27044
676.9427, 0.27073
677.4305, 0.2709
677.916, 0.27093
678.4558, 0.27081
678.9431, 0.27083
679.4301, 0.2699
680.4532, 0.26846
681.0411, 0.26848
681.4277, 0.26848
681.9642, 0.26895
682.4511, 0.26894
682.9385, 0.2697
683.4769, 0.26967
683.9632, 0.26976
684.5001, 0.26975
684.9875, 0.26975
685.474, 0.26912
685.9617, 0.26875
686.498, 0.26848
686.986, 0.26846
687.4761, 0.26856
687.9589, 0.26866
688.5464, 0.26894
688.9865, 0.26935
689.4721, 0.26942
689.9599, 0.26975
690.4956, 0.27015
690.9855, 0.27025
691.4706, 0.27042
692.007, 0.27049
692.5427, 0.27042
692.9833, 0.27058
693.5184, 0.27058
694.0098, 0.27076
694.5442, 0.27088
694.98, 0.27161
695.517, 0.27155
696.0023, 0.27163
696.4895, 0.27219
697.0798, 0.27202
697.5164, 0.27178
698.0015, 0.27179
698.541, 0.27159
699.0273, 0.27142
699.5648, 0.27249
700.0483, 0.273
700.5877, 0.27282
701.0766, 0.27432
701.5145, 0.27438
702.0501, 0.27445
702.5397, 0.27444
703.0241, 0.27401
703.5601, 0.27306
704.0504, 0.27305
704.5375, 0.27202
705.0728, 0.2719
705.6068, 0.27256
706.0448, 0.27304
706.5364, 0.27306
707.1216, 0.27364
707.5605, 0.27373
708.0957, 0.27307
708.5841, 0.27314
709.0714, 0.27308
709.5569, 0.27327
710.0952, 0.27368
710.5831, 0.27475
711.0677, 0.27477
711.5556, 0.27502
712.0911, 0.27527
712.5787, 0.27486
713.0695, 0.27466
713.6033, 0.27467
714.0908, 0.27404
714.5781, 0.27403
715.0668, 0.27396
715.6525, 0.27388
716.0881, 0.27404
716.5746, 0.27354
717.1134, 0.27351
717.6981, 0.27253
718.0887, 0.27252
718.6245, 0.27295
719.1134, 0.27344
719.6015, 0.27344
720.0847, 0.27599
720.6254, 0.27599
721.2085, 0.2755
721.5963, 0.27541
722.1339, 0.27535
722.6221, 0.27458
723.109, 0.27423
723.6459, 0.27349
724.1332, 0.2733
724.6674, 0.27343
725.1556, 0.27345
725.6461, 0.27372
726.1837, 0.27392
726.6174, 0.27389
727.1557, 0.27354
727.6436, 0.27336
728.1328, 0.2728
728.6668, 0.27281
729.1537, 0.27279
729.644, 0.27308
730.1288, 0.27302
730.6656, 0.27315
731.1545, 0.27313
731.6407, 0.27301
732.1761, 0.27284
732.6644, 0.2729
733.1538, 0.27321
733.7369, 0.27315
734.177, 0.27381
734.7134, 0.27394
735.7358, 0.27369
736.1747, 0.27364
736.7129, 0.2728
737.249, 0.27278
737.6857, 0.27277
738.1754, 0.27276
738.7602, 0.27321
739.2968, 0.27412
739.687, 0.27404
740.7563, 0.27506
741.1972, 0.27541
741.6827, 0.27541
742.2179, 0.27541
742.7546, 0.27548
743.197, 0.27541
743.7794, 0.27566
744.2211, 0.27564
744.7077, 0.27602
745.1918, 0.27657
745.7315, 0.27654
746.2687, 0.27781
746.703, 0.27904
747.241, 0.2812
747.7283, 0.2818
748.2151, 0.28178
748.8503, 0.28262
749.3376, 0.28277
749.7266, 0.28286
750.2635, 0.28285
750.7507, 0.28292
751.2379, 0.28351
751.7242, 0.28412
752.31, 0.28532
752.7495, 0.28533
753.2377, 0.28592
753.7735, 0.28644
754.2601, 0.28699
754.7462, 0.28712
755.8193, 0.28891
756.2599, 0.28924
756.7447, 0.28925
757.283, 0.29216
757.771, 0.29236
758.2587, 0.29281
758.795, 0.29289
759.2814, 0.29255
759.7691, 0.29223
760.2563, 0.29176
760.7946, 0.29127
761.2808, 0.29128
761.7683, 0.29212
762.3064, 0.29234
762.8387, 0.29372
763.2783, 0.29381
763.814, 0.29368
764.3033, 0.29315
764.8402, 0.29316
765.2804, 0.29189
765.9155, 0.29191
766.3024, 0.29206
766.8384, 0.29235
767.3251, 0.29227
767.8139, 0.2942
768.3497, 0.29421
768.8866, 0.29422
769.3244, 0.29422
769.8613, 0.29422
770.3029, 0.29275
770.8845, 0.29248
771.3235, 0.29145
771.8113, 0.29146
772.3456, 0.29145
772.8344, 0.29119
773.3713, 0.29168
773.8585, 0.29192
774.4946, 0.29173
774.8328, 0.29234
775.3697, 0.29247
775.8574, 0.29349
776.3449, 0.2936
776.8831, 0.29369
777.3682, 0.29299
777.9543, 0.29281
778.3924, 0.29205
778.9271, 0.29194
779.418, 0.29181
779.8526, 0.29152
780.5391, 0.2915
780.9283, 0.29103
781.3658, 0.29104
781.8529, 0.29046
782.4875, 0.28993
782.8756, 0.28985
783.3658, 0.28885
783.9514, 0.28886
784.4372, 0.28909
784.8762, 0.28901
785.3657, 0.28892
785.9488, 0.28929
786.3889, 0.28899
786.9236, 0.28794
787.4131, 0.28795
787.9471, 0.2875
788.3865, 0.28653
788.9712, 0.28656
789.4108, 0.28613
789.8969, 0.28614
790.9216, 0.28678
791.4102, 0.28704
791.8979, 0.28701
792.478, 0.28721
792.9172, 0.28664
793.4045, 0.28656
793.9402, 0.28678
794.428, 0.2868
794.9156, 0.28749
795.4052, 0.28757
795.9407, 0.28756
796.4297, 0.28826
796.919, 0.28809
797.4556, 0.28887
797.9407, 0.2888
798.4286, 0.28908
798.9646, 0.28997
799.4515, 0.29022
799.9391, 0.29059
800.4261, 0.29059
800.9634, 0.29097
801.4513, 0.29131
801.9398, 0.29235
802.4742, 0.29289
802.9623, 0.29279
803.5002, 0.29467
803.9885, 0.29502
804.4733, 0.29619
804.9615, 0.29599
805.4974, 0.29608
805.9845, 0.29594
806.4745, 0.29585
807.0093, 0.2961
807.4979, 0.2964
808.0314, 0.29728
808.5204, 0.29791
809.006, 0.29799
809.5447, 0.29963
809.9839, 0.30064
811.0067, 0.30159
811.4933, 0.30168
811.9808, 0.30247
812.519, 0.3023
813.0047, 0.30315
813.4919, 0.30324
814.0289, 0.30395
814.5635, 0.30546
815.0032, 0.30612
816.0272, 0.30666
816.5144, 0.30686
817.0042, 0.307
817.5388, 0.30691
818.0238, 0.30739
818.5615, 0.30738
819.0517, 0.30835
819.5359, 0.30837
820.0261, 0.30864
820.6105, 0.30945
821.049, 0.30968
821.5369, 0.31019
822.0237, 0.31017
822.6098, 0.31043
823.0466, 0.31075
823.536, 0.31158
824.0731, 0.31173
824.5606, 0.31181
825.0961, 0.3124
825.5803, 0.31241
826.0682, 0.31264
826.5566, 0.31272
827.0468, 0.3127
827.5821, 0.31289
828.0705, 0.31283
828.5573, 0.3134
829.0941, 0.31339
829.58, 0.31371
830.0671, 0.31405
830.6014, 0.31406
831.0897, 0.3147
831.5784, 0.31451
832.0676, 0.31548
832.6017, 0.31548
833.0933, 0.31556
833.5771, 0.31662
834.1154, 0.31683
834.6015, 0.31741
835.0878, 0.31739
835.6227, 0.31773
836.1122, 0.31838
836.6002, 0.31919
837.0884, 0.31948
837.624, 0.3194
838.1107, 0.32045
838.6475, 0.3209
839.1364, 0.32198
839.6216, 0.32221
840.2076, 0.32231
840.6472, 0.3234
841.1362, 0.32327
841.6692, 0.32449
842.1561, 0.32448
842.6446, 0.32516
843.1314, 0.32577
843.6216, 0.32569
844.2039, 0.327
844.6917, 0.327
845.1791, 0.32774
845.7153, 0.32797
846.156, 0.32797
846.6423, 0.32877
847.1291, 0.32909
847.6663, 0.32983
848.1556, 0.32984
848.6406, 0.33016
849.181, 0.33073
849.6642, 0.33107
850.1522, 0.33133
851.1779, 0.33162
851.6636, 0.33195
852.6871, 0.33261
853.1761, 0.3326
853.6646, 0.33278
854.1962, 0.33287
854.6857, 0.3332
855.175, 0.3332
855.7109, 0.33329
856.1951, 0.33349
856.6852, 0.3335
857.1716, 0.33381
857.7084, 0.33387
858.2426, 0.33403
858.6854, 0.33418
859.2191, 0.33419
859.7089, 0.33461
860.2448, 0.33452
860.7295, 0.3348
861.2195, 0.33477
861.7059, 0.33476
862.7293, 0.33512
863.2167, 0.3354
863.7065, 0.33542
864.2392, 0.33559
864.8262, 0.33566
865.218, 0.33565
865.7523, 0.3358
866.2391, 0.33581
866.7258, 0.33609
867.7504, 0.33654
868.24, 0.33638
868.7242, 0.33655
869.2623, 0.3368
869.7497, 0.33672
870.2364, 0.33688
870.7743, 0.33703
871.2613, 0.33719
871.8452, 0.33748
872.2343, 0.33742
872.7724, 0.33765
873.3066, 0.33782
873.7474, 0.33809
874.2833, 0.33809
874.8682, 0.33809
875.3557, 0.33838
875.7944, 0.33834
876.2834, 0.33852
876.7701, 0.3385
877.2572, 0.33857
877.8918, 0.33872
878.4272, 0.33889
878.7665, 0.33896
879.3027, 0.33896
879.8408, 0.33902
880.3264, 0.33902
880.8149, 0.33911
881.3049, 0.33924
881.7905, 0.33924
882.3303, 0.33941
882.8125, 0.33929
883.3026, 0.33944
883.7905, 0.33954
884.3745, 0.33955
884.8146, 0.33967
885.3011, 0.33966
885.8875, 0.33965
886.3267, 0.33975
886.8125, 0.33995
887.8366, 0.33995
888.3239, 0.34011
888.8111, 0.34001
889.3475, 0.34038
889.8354, 0.34031
890.3203, 0.34032
890.8593, 0.34049
891.3949, 0.34051
891.8344, 0.34072
892.3677, 0.34079
892.8571, 0.34078
893.3442, 0.34078
893.8322, 0.3409
894.611, 0.34107
894.9066, 0.34108
895.3414, 0.34132
895.8796, 0.34134
896.4155, 0.34134
896.8527, 0.34145
897.9756, 0.34171
898.4169, 0.34186
898.9023, 0.34192
899.3877, 0.34221
899.8747, 0.34227
900.3646, 0.34226
900.9476, 0.34233
901.3879, 0.33844
901.9245, 0.34422
902.8991, 0.34441
903.3861, 0.34439
903.875, 0.34462
904.4596, 0.34454
904.8988, 0.34458
905.4327, 0.34467
906.4103, 0.34451
906.8992, 0.34453
907.9696, 0.34467
908.4109, 0.34442
908.896, 0.3445
909.4318, 0.34438
909.9202, 0.34402
910.4087, 0.34402
910.9436, 0.34387
911.431, 0.34387
911.9205, 0.34426
912.4058, 0.34527
912.9919, 0.34653
913.4298, 0.3473
913.9179, 0.3473
914.5022, 0.3486
914.9417, 0.34936
915.4772, 0.35096
916.4523, 0.35139
916.9423, 0.35289
917.965, 0.35406
918.4496, 0.35413
918.9385, 0.35456
919.5262, 0.35534
919.96, 0.35522
920.4488, 0.35622
921.036, 0.35631
921.4741, 0.35658
921.9616, 0.35683
922.4498, 0.35675
922.9849, 0.3573
923.4715, 0.3573
924.0107, 0.35806
924.4957, 0.35818
924.9823, 0.3582
925.4711, 0.35913
926.0081, 0.35955
926.4941, 0.36013
926.9827, 0.36021
928.0044, 0.36092
928.4955, 0.36074
928.9804, 0.36064
929.5654, 0.36065
930.0054, 0.36056
930.4914, 0.36069
931.0266, 0.36089
931.5159, 0.3608
932.0051, 0.36089
933.076, 0.36077
933.513, 0.36059
934.051, 0.36005
934.5378, 0.35892
935.0764, 0.35786
935.5136, 0.35785
936.0493, 0.35691
936.5372, 0.35648
937.0252, 0.35729
938.0505, 0.35739
938.5356, 0.35935
939.0742, 0.35926
939.5597, 0.35906
940.0475, 0.35905
940.5344, 0.3577
941.5563, 0.35262
942.0472, 0.35181
942.5316, 0.35196
943.1667, 0.34779
943.6056, 0.34624
944.0438, 0.34623
944.582, 0.33985
945.1193, 0.33954
945.5544, 0.33859
946.0917, 0.33857
946.5793, 0.33816
947.0659, 0.33684
947.5541, 0.33638
948.0934, 0.3358
948.5799, 0.33571
949.0655, 0.33559
949.6025, 0.33542
950.0923, 0.33596
950.5768, 0.33643
951.2112, 0.33634
951.6477, 0.33776
952.092, 0.33777
953.2587, 0.33927
953.5974, 0.33928
954.0895, 0.34024
954.6232, 0.34007
955.1137, 0.34105
955.5977, 0.34126
956.1371, 0.34175
956.6218, 0.34218
957.2051, 0.34216
957.5972, 0.34322
958.1362, 0.34322
958.6215, 0.34439
959.1567, 0.34445
959.6453, 0.34455
960.1318, 0.34539
960.6199, 0.34589
961.6438, 0.34631
962.1327, 0.34676
962.618, 0.34727
963.1526, 0.34784
963.7397, 0.3483
964.178, 0.3483
964.6656, 0.34918
965.1552, 0.34941
965.6404, 0.35018
966.178, 0.35019
966.7139, 0.35034
967.1524, 0.35093
968.1773, 0.35189
968.6613, 0.35188
969.1534, 0.35225
969.7827, 0.35258
970.1778, 0.35275
970.7106, 0.35337
971.2007, 0.35338
971.686, 0.35386
972.1737, 0.35406
973.1964, 0.35474
973.6877, 0.35486
974.175, 0.35539
974.7076, 0.35538
975.2449, 0.35561
975.6832, 0.3561
976.2217, 0.35666
976.7064, 0.35708
977.1948, 0.3571
977.7314, 0.35779
978.2186, 0.35833
978.7081, 0.35909
979.1951, 0.35936
979.7306, 0.35936
980.219, 0.36066
980.7042, 0.36063
981.2899, 0.36207
981.7752, 0.36209
982.2161, 0.36234
983.2399, 0.36319
983.7269, 0.3639
984.2636, 0.36408
984.7998, 0.36444
985.2407, 0.36463
985.7751, 0.3647
986.2645, 0.36525
986.7493, 0.36525
987.2374, 0.36611
987.7745, 0.36612
988.2611, 0.36623
988.7482, 0.36707
989.2381, 0.36739
989.7726, 0.368
990.3075, 0.36799
990.7457, 0.36828
991.2856, 0.36857
991.8201, 0.36874
992.3072, 0.36874
992.7947, 0.36873
993.2827, 0.36897
993.7695, 0.36897
994.357, 0.36916
994.7966, 0.36923
995.2795, 0.36899
995.7673, 0.36869
996.3062, 0.36881
996.7924, 0.36803
997.3298, 0.36805
997.8146, 0.36772
998.3504, 0.36735
998.7908, 0.36736
999.2816, 0.36679
999.8128, 0.36667
1000.306, 0.36589
1001.328, 0.36569
1001.813, 0.36431
1002.301, 0.3642
1002.837, 0.36417
1003.324, 0.36403
1003.812, 0.36401
1004.446, 0.36394
1004.836, 0.36333
1005.324, 0.36288
1005.812, 0.36299
1006.397, 0.36202
1006.835, 0.36154
1007.323, 0.36108
1007.859, 0.3611
1008.346, 0.3611
1008.883, 0.3617
1009.467, 0.36168
1009.857, 0.36168
1010.346, 0.36141
1010.833, 0.36148
1011.37, 0.36136
1011.856, 0.36135
1012.345, 0.36145
1012.88, 0.36143
1013.367, 0.36151
1013.855, 0.36137
1014.391, 0.36139
1014.879, 0.3613
1015.37, 0.3613
1016.393, 0.36141
1016.877, 0.36149
1017.364, 0.36156
1017.901, 0.36171
1018.389, 0.36178
1018.876, 0.36176
1019.414, 0.36176
1019.897, 0.36169
1020.386, 0.36175
1020.974, 0.36196
1021.409, 0.36193
1021.9, 0.36245
1022.385, 0.36229
1023.018, 0.36239
1023.411, 0.36264
1023.897, 0.36278
1024.433, 0.36293
1024.921, 0.3629
1025.408, 0.36297
1025.946, 0.36287
1026.483, 0.36285
1026.92, 0.36278
1027.405, 0.3627
1027.944, 0.36278
1028.529, 0.36268
1028.919, 0.36276
1029.456, 0.36273
1029.943, 0.36273
1030.48, 0.36286
1031.454, 0.36282
1031.941, 0.36272
1032.965, 0.36263
1033.453, 0.36261
1033.989, 0.36282
1034.476, 0.36282
1034.964, 0.36288
1035.452, 0.36286
1035.987, 0.36292
1036.474, 0.363
1036.964, 0.36311
1037.497, 0.36328
1037.988, 0.36322
1038.476, 0.36323
1038.96, 0.36336
1039.544, 0.3635
1040.133, 0.36374
1040.57, 0.36375
1041.011, 0.36392
1041.495, 0.36407
1041.983, 0.36439
1042.472, 0.36451
1043.007, 0.3645
1043.495, 0.36469
1043.982, 0.3647
1044.521, 0.36476
1045.007, 0.36469
1045.542, 0.3647
1046.03, 0.36445
1046.517, 0.36447
1047.003, 0.36405
1047.49, 0.36423
1048.028, 0.36365
1048.519, 0.36327
1049.004, 0.36328
1049.542, 0.36269
1050.026, 0.36255
1050.562, 0.38162
1051.101, 0.38431
1051.539, 0.38464
1052.027, 0.38623
1052.516, 0.38686
1053.052, 0.38788
1053.536, 0.38797
1054.025, 0.38863
1054.563, 0.38946
1055.049, 0.39014
1055.536, 0.39044
1056.123, 0.39044
1056.56, 0.39117
1057.048, 0.39146
1058.073, 0.39195
1058.559, 0.39193
1059.096, 0.39296
1059.584, 0.39297
1060.119, 0.39327
1060.555, 0.39367
1061.141, 0.39423
1061.581, 0.39479
1062.071, 0.39473
1062.605, 0.39546
1063.19, 0.3958
1063.627, 0.39636
1064.703, 0.3965
1065.143, 0.39702
1065.578, 0.39716
1066.115, 0.39768
1066.604, 0.39768
1067.088, 0.39795
1067.627, 0.3984
1068.164, 0.39865
1068.601, 0.39891
1069.088, 0.39885
1069.625, 0.39929
1070.161, 0.39937
1070.598, 0.39939
1071.235, 0.39996
1071.624, 0.40015
1072.112, 0.40066
1072.648, 0.40067
1073.135, 0.40067
1073.672, 0.4011
1074.647, 0.40118
1075.136, 0.40131
1075.668, 0.4013
1076.208, 0.40135
1076.645, 0.40182
1077.132, 0.40196
1077.669, 0.40194
1078.154, 0.40258
1078.647, 0.40285
1079.179, 0.4038
1079.667, 0.40379
1080.157, 0.40402
1080.643, 0.40474
1081.18, 0.40466
1081.666, 0.40508
1082.154, 0.40509
1082.689, 0.4051
1083.226, 0.40537
1083.667, 0.40536
1084.201, 0.40512
1084.737, 0.40512
1085.177, 0.40477
1085.663, 0.40467
1086.198, 0.40469
1086.686, 0.4043
1087.227, 0.40418
1087.76, 0.40371
1088.199, 0.40373
1088.735, 0.40365
1089.176, 0.40356
1089.712, 0.40325
1090.199, 0.403
1090.786, 0.40301
1091.222, 0.4025
1091.709, 0.40252
1092.246, 0.40194
1092.782, 0.40193
1093.22, 0.40193
1093.706, 0.40129
1094.245, 0.40131
1094.78, 0.40078
1095.319, 0.40075
1095.755, 0.40053
1096.241, 0.40008
1096.779, 0.40009
1097.266, 0.39969
1097.803, 0.39961
1098.29, 0.39897
1098.778, 0.39883
1099.217, 0.39872
1099.753, 0.39774
1100.241, 0.39777
1100.776, 0.40825
1101.262, 0.40825
1101.751, 0.40847
1102.236, 0.40886
1102.824, 0.40905
1103.314, 0.4092
1103.75, 0.40921
1104.24, 0.40932
1104.773, 0.40931
1105.262, 0.40917
1105.749, 0.40928
1106.288, 0.40909
1106.872, 0.40896
1107.26, 0.40898
1107.797, 0.40854
1108.284, 0.40856
1108.821, 0.40819
1109.259, 0.40765
1109.796, 0.40759
1110.383, 0.40687
1110.77, 0.40621
1111.307, 0.40502
1111.793, 0.40444
1112.281, 0.40437
1112.817, 0.40238
1113.305, 0.40198
1113.792, 0.39884
1114.28, 0.3989
1114.814, 0.39822
1115.304, 0.3949
1115.791, 0.39354
1116.33, 0.39045
1116.813, 0.39046
1117.303, 0.38788
1117.888, 0.38594
1118.326, 0.38592
1118.815, 0.38183
1119.835, 0.3782
1120.374, 0.37775
1120.813, 0.37784
1121.398, 0.37394
1121.837, 0.37302
1122.472, 0.37023
1122.86, 0.37035
1123.348, 0.36864
1123.836, 0.36649
1124.859, 0.36289
1125.345, 0.36275
1126.371, 0.35729
1126.906, 0.35381
1127.345, 0.35373
1127.884, 0.35346
1128.418, 0.35189
1128.856, 0.35212
1129.443, 0.3498
1129.931, 0.3498
1130.419, 0.34919
1130.855, 0.34885
1131.394, 0.34897
1131.929, 0.348
1132.364, 0.34801
1132.905, 0.34548
1133.441, 0.34482
1133.928, 0.34493
1134.901, 0.33608
1135.389, 0.32556
1135.974, 0.32582
1136.463, 0.32287
1136.949, 0.31524
1137.536, 0.31478
1137.974, 0.31446
1138.462, 0.31443
1138.899, 0.31697
1139.726, 0.31864
1140.069, 0.31892
1140.412, 0.31911
1140.898, 0.31899
1141.436, 0.31616
1141.924, 0.31582
1142.41, 0.31093
1142.945, 0.31085
1143.433, 0.30968
1143.92, 0.30654
1144.408, 0.30668
1144.943, 0.30046
1145.483, 0.30044
1145.919, 0.29779
1146.456, 0.29618
1146.945, 0.2962
1147.53, 0.29259
1148.015, 0.29178
1148.454, 0.28895
1148.942, 0.28893
1149.427, 0.2939
1149.965, 0.28783
1150.453, 0.28929
1150.94, 0.29318
1151.477, 0.29308
1151.966, 0.29515
1152.453, 0.29782
1153.037, 0.29804
1153.475, 0.29848
1153.96, 0.29849
1154.45, 0.29511
1154.986, 0.29479
1155.525, 0.28875
1155.961, 0.28889
1156.548, 0.28804
1156.985, 0.28477
1157.474, 0.28489
1158.008, 0.28558
1158.499, 0.28792
1159.034, 0.29427
1160.153, 0.30053
1160.547, 0.30522
1160.984, 0.30754
1161.519, 0.30968
1162.056, 0.3101
1162.492, 0.31012
1163.03, 0.31068
1163.52, 0.31179
1164.005, 0.31478
1164.589, 0.31478
1165.029, 0.31693
1165.662, 0.32117
1166.006, 0.32325
1166.587, 0.32538
1167.076, 0.32538
1167.518, 0.32583
1168.006, 0.32628
1168.54, 0.32635
1169.03, 0.32681
1169.564, 0.32667
1170.049, 0.32318
1170.587, 0.32316
1171.027, 0.32161
1171.562, 0.31629
1172.1, 0.3141
1172.633, 0.31118
1173.077, 0.31116
1173.658, 0.30962
1174.046, 0.30852
1174.535, 0.30816
1175.074, 0.30602
1175.559, 0.30601
1176.048, 0.30337
1176.631, 0.30297
1177.121, 0.29963
1177.606, 0.29986
1178.047, 0.29964
1178.584, 0.29966
1179.071, 0.29967
1179.557, 0.30026
1180.096, 0.30027
1180.579, 0.30122
1181.068, 0.30191
1181.604, 0.30188
1182.192, 0.29912
1182.626, 0.29901
1183.068, 0.29545
1183.603, 0.29501
1184.09, 0.29435
1184.578, 0.28621
1185.114, 0.28425
1185.601, 0.27835
1186.089, 0.27845
1187.307, 0.27136
1187.602, 0.27047
1188.624, 0.26781
1189.113, 0.26864
1189.6, 0.26914
1190.184, 0.26766
1190.623, 0.26751
1191.11, 0.26718
1191.698, 0.25874
1192.181, 0.25889
1192.67, 0.24867
1193.11, 0.24868
1193.648, 0.24478
1194.133, 0.23757
1194.619, 0.23754
1195.204, 0.22202
1195.691, 0.22203
1196.182, 0.20205
1196.814, 0.19755
1197.155, 0.19754
1197.644, 0.15982
1198.666, 0
1199.74, 0
1199.834, 0.029254
1200.178, 0.029254
1200.713, 0.03
1201.202, 0.03
1202.225, 0.030018
1202.666, 0.030015
1203.151, 0.030015
1203.786, 0.029998
1204.272, 0.029998
1204.713, 0.03
1205.248, 0.030016
1205.735, 0.030016
1206.174, 0.030016
1207.198, 0.030015
