0, 0.35154
1.073172, 0.35155
1.608973, 0.3516
2.046932, 0.35159
2.535912, 0.35159
3.072039, 0.35159
3.510663, 0.35159
4.046937, 0.35159
4.533215, 0.35159
5.021472, 0.35166
5.509453, 0.35164
6.045533, -0.07751001
6.533343, 0.12442
7.02148, 0.12422
7.557047, 0.12433
8.045214, 0.12459
8.530239, -0.17273
9.068245, 0.19542
9.604519, 0.19626
10.09258, 0.19619
10.57956, 0.19617
11.06512, 0.19619
11.55427, 0.19618
12.62699, 0.19602
13.06528, 0.19611
13.55154, 0.19609
14.09578, 0.1961
14.57576, 0.19609
15.06394, 0.19609
15.60089, 0.19609
16.08624, 0.1961
16.57516, 0.19603
17.11188, 0.19604
17.64787, 0.19611
18.13394, 0.19601
18.57453, 0.19601
19.10973, 0.19602
19.64512, 0.07256
20.18305, -0.13281
20.67038, -0.13132
21.15895, -0.13064
21.64527, -0.13066
22.13512, -0.12853
22.66992, -0.12789
23.20534, -0.12604
23.59547, -0.12604
24.12981, -0.12522
24.66713, -0.12417
25.10713, -0.12292
25.64288, -0.12215
26.13009, -0.12213
26.66485, -0.12043
27.64214, -0.11979
28.12912, -0.11783
28.71445, -0.11737
29.15126, -0.11619
29.64084, -0.11618
30.12826, -0.11465
30.66341, -0.1149
31.15293, -0.11422
31.6404, -0.11394
32.22234, -0.11396
32.66129, -0.11269
33.15182, -0.11227
33.7846, -0.11072
34.22322, -0.11087
34.66166, -0.11009
35.14889, -0.10929
35.68472, -0.10927
36.17344, -0.10825
36.66082, -0.10819
37.19736, -0.10725
37.68619, -0.10714
38.17124, -0.107
38.65801, -0.10591
39.19491, -0.10549
39.6832, -0.10458
40.17039, -0.10457
40.70733, -0.10353
41.2423, -0.10301
41.67973, -0.10094
42.21798, -0.10176
42.70586, -0.10175
43.19272, -0.10032
43.67871, -0.10004
44.21482, -0.09921
44.70438, -0.09919
45.24146, -0.09835
45.92363, -0.09754001
46.216, -0.09754001
46.70343, -0.09540001
47.43448, -0.09538
47.72615, -0.09331
48.21317, -0.09319001
48.69982, -0.09292001
49.23618, -0.09173001
49.72612, -0.09084
50.21125, -0.08989
50.95248, -0.08990001
51.23484, -0.08834
51.72439, -0.08756
52.26068, -0.08478
52.79762, -0.08465
53.284, -0.08431
53.72189, -0.08235
54.25879, -0.08051001
54.74706, -0.0808
55.23384, -0.08078
55.77658, -0.07957
56.25766, -0.07876001
56.74571, -0.07878
57.28224, -0.07633001
57.86623, -0.07602
58.25539, -0.07386
58.74397, -0.07378
59.28086, -0.07329001
59.76777, -0.07239
60.25541, -0.07152
60.78957, -0.07081
61.27898, -0.07082
61.76642, -0.0693
62.30451, -0.06891001
62.8389, -0.06695
63.32514, -0.06693
63.76568, -0.06647
64.30215, -0.06501
64.83595, -0.06437001
65.27525, -0.06381001
65.81317, -0.0638
66.29923, -0.06298
66.83645, -0.06251
67.32393, -0.0626
67.81206, -0.06119
68.29887, -0.06085
68.78691, -0.05966
69.32316, -0.05956
69.81117, -0.05913001
70.83443, -0.05756
71.32652, -0.05723
71.80952, -0.05706
72.3946, -0.05608001
72.83273, -0.056
73.32115, -0.05504
73.90592, -0.05491
74.34399, -0.0546
74.93038, -0.05368
75.32014, -0.05292
75.85532, -0.0524
76.34288, -0.05237
76.83044, -0.05157
77.36536, -0.05128
77.85377, -0.05139
78.34184, -0.05036
78.87761, 0
79.36527, 0
79.85333, -0.045228
80.34081, -0.045228
80.87756, -0.048219
81.36409, -0.047547
81.85221, -0.047547
82.43514, -0.046676
82.92548, -0.045639
83.36295, -0.045639
83.89976, -0.044946
84.38675, -0.044946
84.87446, -0.044253
85.3624, -0.042879
85.94696, -0.042879
86.38515, -0.042012
86.87312, -0.042012
87.40799, -0.041175
87.89657, -0.039943
88.38445, -0.039943
88.92085, -0.038989
89.40822, -0.038163
90.08936, -0.038163
90.38392, -0.037014
90.91953, -0.037014
91.40537, -0.035759
91.99239, -0.034349
92.43083, -0.034349
92.9176, -0.033925
93.40532, -0.032557
93.94151, -0.032557
94.42997, -0.031698
94.96518, -0.031698
95.50189, -0.030888
95.93884, -0.029505
96.42727, -0.029505
97.01861, -0.046359
97.50235, -0.046359
97.93924, 0
98.47411, -0.05009
99.06054, -0.05466
99.45107, -0.05475
99.98762, -0.05412
100.4746, -0.05286
101.059, -0.05286
101.4493, -0.05079
101.9368, -0.0509
102.4745, 0
102.9598, 0
103.4479, -0.049321
103.9889, -0.047392
104.5219, -0.047392
104.9594, -0.046115
105.4957, -0.046115
106.0314, -0.045181
106.4702, -0.044021
106.9585, -0.044021
107.4938, -0.04276
108.1273, -0.04168
108.4672, -0.04168
109.0058, -0.040224
109.4933, -0.040224
109.9801, -0.038799
110.5167, -0.037771
111.004, -0.037771
111.492, -0.036603
112.027, -0.036603
112.5652, -0.03503
113.0034, -0.034063
113.4902, -0.034063
114.0279, -0.033066
114.5632, -0.031441
115.0014, -0.031441
115.5376, -0.030357
116.0744, -0.030357
116.5132, -0.029135
117.049, -0.027978
117.5364, -0.027978
118.0225, -0.026661
118.5114, -0.026661
119.0491, -0.025648
119.5357, -0.02433
120.0216, -0.02433
120.6078, -0.022893
121.047, -0.021926
121.5344, -0.021926
122.0708, -0.020911
122.6557, -0.020911
123.0457, -0.019263
123.6793, -0.018348
124.0693, -0.018348
124.5557, -0.017434
125.0446, -0.015999
125.6294, -0.015999
126.2627, -0.014906
126.5568, -0.014906
127.0915, -0.013947
127.5795, -0.012621
128.067, -0.012621
128.5546, -0.011165
129.0908, -0.011165
129.6758, -0.009642
130.0635, -0.008811001
130.6015, -0.008811001
131.1383, -0.007013001
131.6262, -0.005902
132.1127, -0.005902
132.6001, -0.004815
133.1346, -0.004815
133.6242, -0.00282
134.1114, -0.001647
134.5995, -0.001647
135.6723, -0.00051
136.1589, 0.001299
136.596, 0.00263
137.2315, 0.00263
137.6225, 0.003643
138.1089, 0.004907
138.7918, 0.004907
139.1331, 0.00649
139.6701, 0.00649
140.2545, 0.007465001
140.6932, 0.008431
141.132, 0.008431
141.6691, 0.01019
142.1557, 0.01139
142.6431, 0.01139
143.1315, 0.011839
143.7144, 0.011839
144.204, 0.013201
144.642, 0.014142
145.7157, 0.014896
146.2032, 0.014896
146.6904, 0.015726
147.1761, 0.016317
147.9089, 0.016317
148.1521, 0.016677
148.6861, 0.017045
149.1735, 0.017045
149.712, 0.017718
150.1989, 0.017718
150.6849, 0.018267
151.1745, 0.018834
151.6625, 0.018834
152.1986, 0.019757
152.6865, 0.020257
153.2221, 0.020257
153.7093, 0.020895
154.1976, 0.020895
154.6856, 0.021328
155.2189, 0.021749
155.7068, 0.021749
156.1964, 0.022028
156.6847, 0.022028
157.219, 0.022299
157.7053, 0.022534
158.1946, 0.022534
158.7797, 0.02267
159.218, 0.022824
159.7539, 0.022824
160.4369, 0.023145
160.7289, 0.023145
161.2164, 0.023362
161.7054, 0.023588
162.3382, 0.023588
162.7772, 0.024021
163.2156, 0.024021
163.7507, 0.024409
164.2392, 0.024762
164.7269, 0.024762
165.3098, 0.02525
165.8476, 0.025826
166.2382, 0.025826
166.7723, 0.026596
167.2621, 0.026596
167.7472, 0.026699
168.2364, 0.027403
168.7725, 0.027403
169.3112, 0.027848
169.7482, 0.028301
170.2823, 0.028301
170.7702, 0.02908
171.3082, 0.02908
171.7943, 0.029597
172.2827, 0.030088
172.7711, 0.030088
173.796, 0.030863
174.2804, 0.03162
174.7691, 0.032223
175.304, 0.032223
175.7935, 0.033023
176.2812, 0.03406
176.8665, 0.03406
177.3533, 0.034805
177.8413, 0.034805
178.815, 0.036925
179.3504, 0.036925
179.8402, 0.038168
180.4247, 0.038553
180.8145, 0.038553
181.3506, 0.03986
181.8382, 0.03986
182.3258, 0.04310101
182.8116, 0.045116
183.3971, 0.045116
183.886, 0.046245
184.3235, 0.046245
184.8125, 0.047431
185.3954, 0.048272
185.8365, 0.048272
186.3225, 0.049222
186.8582, 0.05061
187.347, 0.05061
187.834, 0.051418
188.9057, 0.05222701
189.4418, 0.053595
189.8329, 0.053595
190.416, 0.054495
190.857, 0.054495
191.3427, 0
191.8808, 0.09686001
192.3682, 0.05795
192.9054, 0.05785
193.3929, 0.05835
193.8793, 0.0593
194.5148, 0.05932
194.8539, 0.06086
195.394, 0.06084
195.8783, 0.06184
196.3656, 0.06222
196.9018, 0.06216
197.3873, 0.06373
197.8774, 0.06407
198.4621, 0.0653
198.901, 0.06536
199.3861, 0.06605001
199.9733, 0.06687
200.4121, 0.06801
200.9489, 0.06857
201.3869, 0.06856
201.972, 0.07012001
202.5089, 0.07025
202.8965, 0.07201
203.4345, 0.07195
203.9714, 0.07269
204.4576, 0.07372001
205.5796, 0.07554001
205.9202, 0.07554001
206.5044, 0.07699
206.9439, 0.07718001
207.4801, 0.07741001
208.0658, 0.07892
208.4606, 0.07956
208.9431, 0.08072001
209.4292, 0.08071
209.967, 0.08164001
210.4544, 0.08241001
210.9912, 0.08397
211.4293, 0.08432
212.0148, 0.08456
212.4535, 0.08627
212.9873, 0.08628
213.6227, 0.0881
213.964, 0.0881
214.4513, 0.08893
214.9394, 0.08996
215.5246, 0.08989
216.0117, 0.09182
216.4506, 0.09193
217.0853, 0.0937
217.472, 0.09381
217.9628, 0.09408001
218.4965, 0.09558
219.0346, 0.09649
219.4729, 0.09742
220.106, 0.09741001
220.5458, 0.09856001
221.0334, 0.09911001
221.4719, 0.10061
222.0077, 0.10069
222.497, 0.10101
222.9832, 0.1025
223.5688, 0.10252
224.0044, 0.10431
224.4948, 0.1043
224.982, 0.10523
225.567, 0.10586
226.0054, 0.10572
226.4927, 0.10746
227.0289, 0.10747
227.5148, 0.10913
228.0512, 0.10912
228.5403, 0.11078
229.1239, 0.11095
229.5135, 0.11184
230.0027, 0.11262
230.5389, 0.11261
231.0265, 0.11377
231.5142, 0.1141
232.0989, 0.11569
232.5873, 0.11578
233.0235, 0.11609
233.562, 0.11743
234.0982, 0.11741
234.5365, 0.11893
235.0731, 0.11903
235.5601, 0.11975
236.0482, 0.12013
236.535, 0.12006
237.1208, 0.12127
237.5571, 0.12159
238.1441, 0.12274
238.5833, 0.12276
239.1189, 0.12339
239.607, 0.12434
240.0938, 0.12519
240.582, 0.12568
241.1671, 0.12579
241.6058, 0.12762
242.0914, 0.12699
242.7267, 0.12825
243.0677, 0.12825
243.6532, 0.12869
244.0925, 0.12939
244.6758, 0.12949
245.2145, 0.13063
245.603, 0.13055
246.0906, 0.13151
246.5762, 0.13169
247.1148, 0.13182
247.6, 0.13294
248.1383, 0.13339
248.7234, 0.13412
249.1122, 0.13411
249.6001, 0.13457
250.1365, 0.13515
250.6729, 0.13602
251.1098, 0.13643
251.5975, 0.13641
252.1334, 0.13766
252.6714, 0.13763
253.1088, 0.13859
253.6952, 0.13853
254.2329, 0.13936
254.6711, 0.13915
255.1576, 0.13921
255.6954, 0.14025
256.182, 0.14024
256.6196, 0.1413
257.2057, 0.14138
257.6936, 0.14157
258.1325, 0.14242
258.7149, 0.14267
259.2052, 0.14305
259.6924, 0.14305
260.2282, 0.14357
260.6664, 0.14395
261.203, 0.14495
261.6415, 0.14525
262.2755, 0.14533
262.6643, 0.1464
263.1534, 0.14639
263.7857, 0.14716
264.2257, 0.14713
264.6629, 0.14764
265.2489, 0.14793
265.6876, 0.14802
266.1761, 0.14948
266.7616, 0.14936
267.2462, 0.15077
267.7351, 0.15076
268.2228, 0.15098
268.76, 0.15189
269.249, 0.1522
269.6853, 0.15264
270.222, 0.1528
270.7094, 0.15327
271.2946, 0.15359
272.2682, 0.15449
272.8041, 0.15466
273.7329, 0.15544
274.2196, 0.15666
274.7554, 0.15663
275.2436, 0.15761
275.8775, 0.15807
276.2202, 0.15807
277.0012, 0.15937
277.2428, 0.15949
277.7782, 0.16049
278.2676, 0.16035
278.8029, 0.16124
279.2899, 0.16139
279.7282, 0.16204
280.3143, 0.16255
280.8031, 0.16255
281.3375, 0.16314
281.7751, 0.16338
282.2633, 0.16432
282.8002, 0.16424
283.7748, 0.16588
284.3113, 0.1659
284.7499, 0.16758
285.2859, 0.16755
285.7744, 0.16849
286.2613, 0.16865
286.797, 0.16882
287.2846, 0.16931
287.7745, 0.16944
288.8433, 0.17005
289.3314, 0.17058
289.8689, 0.17123
290.4562, 0.17199
290.7948, 0.17216
291.2819, 0.17218
291.964, 0.17304
292.3544, 0.17284
292.7951, 0.17341
293.3299, 0.17331
293.8165, 0.17366
294.3054, 0.17417
294.7935, 0.17411
295.3777, 0.17534
295.8165, 0.17532
296.3042, 0.17611
296.9366, 0.17617
297.3765, 0.17626
297.8149, 0.17684
298.8404, 0.1772
299.3751, 0.1772
299.8135, 0.1773
300.3495, 0.17743
300.8859, 0.17801
301.3244, 0.17822
302.0092, 0.17824
302.3484, 0.17882
302.8372, 0.17881
303.3705, 0.179
303.8612, 0.17898
304.3478, 0.17897
305.3709, 0.17901
305.8578, 0.17939
306.397, 0.17941
306.8822, 0.17975
307.4206, 0.17985
307.857, 0.17983
308.3931, 0.1797
308.8831, 0.17944
309.3683, 0.17926
309.8631, 0.17924
310.3944, 0.17898
311.0278, 0.17898
311.418, 0.17906
311.9544, 0.17907
312.4374, 0.17918
312.9274, 0.17894
313.9058, 0.17824
314.4887, 0.17822
314.8793, 0.17786
315.4156, 0.1775
315.9002, 0.17761
316.4394, 0.17715
316.9251, 0.17721
317.4605, 0.17679
317.9015, 0.17689
318.4365, 0.17664
318.9255, 0.17639
319.4596, 0.17599
320.0941, 0.17567
320.4369, 0.17568
320.9718, 0.17527
321.9461, 0.17454
322.4321, 0.17463
322.9209, 0.17441
323.4567, 0.17395
323.9442, 0.17397
324.4337, 0.1734
324.9696, 0.17337
325.5045, 0.17283
325.9453, 0.1727
326.4796, 0.17267
326.969, 0.17222
327.4543, 0.17206
327.9422, 0.17164
328.4783, 0.17163
328.9658, 0.17135
329.4536, 0.17145
330.0411, 0.1712
330.4758, 0.17104
330.9665, 0.17104
331.4523, 0.17059
331.9908, 0.17065
332.476, 0.17028
332.9635, 0.17029
333.499, 0.17028
333.9871, 0.17027
334.4768, 0.17026
335.0623, 0.17016
335.5, 0.17016
335.988, 0.16994
336.4732, 0.16991
337.0139, 0.16985
337.495, 0.16991
338.1291, 0.16975
338.5206, 0.16989
339.0552, 0.16991
339.494, 0.16989
340.0302, 0.16989
340.5229, 0.17007
341.0093, 0.16993
341.5437, 0.16995
342.0331, 0.17008
342.6164, 0.17015
343.0058, 0.17045
343.6396, 0.17047
344.0294, 0.17048
344.5659, 0.17089
345.0528, 0.17088
345.5401, 0.17115
346.2218, 0.17121
347.054, 0.17151
347.5882, 0.17144
348.1752, 0.17157
348.5634, 0.17166
349.0518, 0.17181
349.5376, 0.1719
350.0747, 0.17192
350.5644, 0.17206
351.0511, 0.17212
351.5364, 0.17214
352.0755, 0.17224
352.6588, 0.17235
353.0478, 0.17234
353.6319, 0.17223
354.1225, 0.17225
354.6585, 0.17224
355.0959, 0.17243
355.5854, 0.17251
356.0687, 0.17259
356.5601, 0.17246
357.1427, 0.17243
357.5821, 0.17235
358.0674, 0.17246
358.7547, 0.17293
359.093, 0.17299
359.5825, 0.17301
360.1165, 0.173
360.704, 0.17322
361.0916, 0.17324
362.2148, 0.1735
362.6048, 0.17349
363.091, 0.17372
363.627, 0.17365
364.1658, 0.17401
364.6018, 0.17403
365.1888, 0.1741
365.6259, 0.17434
366.2132, 0.17433
366.649, 0.1746
367.1387, 0.17459
367.6226, 0.17492
368.1122, 0.17498
368.7953, 0.175
369.1353, 0.17536
369.6718, 0.17565
370.1601, 0.17576
370.7447, 0.17576
371.1366, 0.17606
371.6718, 0.17612
372.1584, 0.17657
372.6484, 0.17668
373.1831, 0.17674
373.6692, 0.17721
374.2069, 0.17734
374.6946, 0.17783
375.1812, 0.17783
375.6678, 0.17819
376.1581, 0.17838
376.739, 0.17835
377.1823, 0.17869
377.6686, 0.17897
378.7388, 0.17937
379.229, 0.17957
379.6654, 0.18007
380.203, 0.18036
380.6909, 0.18064
381.178, 0.18055
381.7134, 0.18107
382.2025, 0.18117
382.6884, 0.18175
383.2268, 0.18174
383.761, 0.1819
384.25, 0.18242
384.6875, 0.18244
385.2235, 0.1831
385.7586, 0.18311
386.2009, 0.18343
386.8308, 0.18362
387.2224, 0.1836
387.8544, 0.18422
388.2454, 0.18445
388.7348, 0.18504
389.2234, 0.18505
390.2426, 0.18583
390.7317, 0.18648
391.2192, 0.1865
391.754, 0.18644
392.242, 0.1871
392.7288, 0.18713
393.3643, 0.18776
393.8012, 0.18764
394.2904, 0.1879
394.7805, 0.18835
395.2654, 0.18833
395.7535, 0.18902
396.2905, 0.18903
396.8756, 0.18946
397.2647, 0.18967
397.7547, 0.18967
398.2885, 0.19046
398.7755, 0.19056
399.2635, 0.19121
399.7997, 0.19111
400.3358, 0.19148
400.7755, 0.19182
401.2611, 0.19224
401.798, 0.1924
402.286, 0.19228
402.7756, 0.19303
403.3095, 0.19358
403.7987, 0.1939
404.2855, 0.194
404.8226, 0.19416
405.3095, 0.19458
405.8452, 0.19455
406.8192, 0.19511
407.3072, 0.19539
407.797, 0.1955
408.3311, 0.19551
408.82, 0.19592
409.306, 0.19605
409.8445, 0.19644
410.3292, 0.19642
410.8681, 0.19658
411.3042, 0.19679
411.8406, 0.19689
412.3771, 0.19691
412.8642, 0.19701
413.3522, 0.19695
413.8871, 0.19694
414.3268, 0.19705
414.8643, 0.19703
415.3518, 0.19712
415.8393, 0.19724
416.3259, 0.19715
416.9133, 0.19706
417.3982, 0.19712
417.8349, 0.19711
418.5201, 0.19702
418.8608, 0.19719
419.3486, 0.19724
419.885, 0.19747
420.3727, 0.19748
420.911, 0.19756
421.8845, 0.19769
422.3718, 0.1975
423.4465, 0.19747
423.9322, 0.19726
424.3708, 0.19729
424.9551, 0.19746
425.4402, 0.19746
425.8813, 0.19756
426.9554, 0.19772
427.4417, 0.19767
427.9285, 0.19768
428.416, 0.19766
428.905, 0.19757
429.4401, 0.19772
429.9271, 0.19786
430.4147, 0.19798
430.901, 0.19813
431.5347, 0.19814
431.928, 0.19816
432.4135, 0.19817
433, 0.19818
433.438, 0.19819
433.9248, 0.19819
434.4145, 0.19844
435.0481, 0.19847
435.4381, 0.19863
435.9234, 0.19865
436.6566, 0.19891
436.9485, 0.19902
437.4341, 0.19904
438.6539, 0.19953
438.9457, 0.19985
439.4346, 0.19985
440.0664, 0.19986
440.5538, 0.20021
440.9477, 0.20032
441.4789, 0.20034
442.0702, 0.20027
442.4565, 0.2005
442.9951, 0.20058
443.4808, 0.20087
444.0166, 0.20088
444.456, 0.20094
444.9906, 0.20116
445.576, 0.20124
445.9682, 0.20126
446.5045, 0.20135
446.9904, 0.20161
447.476, 0.20174
448.0135, 0.20175
448.5008, 0.2023
449.036, 0.2023
449.4763, 0.20251
450.0123, 0.20243
450.5486, 0.20249
451.0358, 0.20242
451.5235, 0.20231
452.0135, 0.20242
452.5477, 0.20235
453.0352, 0.20227
453.6212, 0.20228
454.1071, 0.20214
454.6443, 0.20214
455.0818, 0.20186
455.5209, 0.20172
456.2517, 0.20157
456.5469, 0.20155
457.1298, 0.20156
457.5662, 0.20167
458.2003, 0.20169
458.5443, 0.20169
459.0316, 0.20152
460.1519, 0.20075
460.6412, 0.20063
461.6652, 0.2001
462.0534, 0.20009
462.5432, 0.20003
463.0787, 0.20005
463.6146, 0.19975
464.051, 0.19965
464.5898, 0.19931
465.1255, 0.19932
465.5659, 0.19925
466.051, 0.19918
466.6361, 0.1992
467.1216, 0.19964
467.5642, 0.19962
468.0976, 0.19928
468.6856, 0.19937
469.1233, 0.19887
469.6086, 0.19795
470.0981, 0.19776
470.6818, 0.19765
471.1208, 0.19767
471.6109, 0.19833
472.0973, 0.19863
473.1181, 0.19944
473.6095, 0.19917
474.1456, 0.19847
474.63, 0.19803
475.1186, 0.19756
475.6551, 0.19757
476.2411, 0.1983
476.6298, 0.19889
477.1187, 0.19887
477.7031, 0.20052
478.1402, 0.20053
478.678, 0.20118
479.1161, 0.20108
479.7024, 0.20079
480.1378, 0.20006
480.6276, 0.20046
481.1641, 0.20073
481.7014, 0.20071
482.1373, 0.20193
482.6756, 0.20233
483.1628, 0.20382
483.698, 0.2038
484.1389, 0.20372
484.6718, 0.2037
485.2579, 0.20397
485.7005, 0.20426
486.2332, 0.20433
486.6734, 0.20587
487.1619, 0.20644
487.6941, 0.2063
488.1857, 0.20833
488.8173, 0.20848
489.2061, 0.20896
489.7431, 0.20907
490.1813, 0.20898
490.7667, 0.20814
491.2088, 0.20844
491.693, 0.20845
492.229, 0.20847
492.7173, 0.21019
493.2528, 0.21077
493.6939, 0.21261
494.3255, 0.21262
494.7649, 0.21318
495.2517, 0.21432
495.9351, 0.21497
496.2283, 0.21525
496.714, 0.21526
497.2042, 0.21574
497.7874, 0.21581
498.2264, 0.21582
498.7165, 0.21694
499.3969, 0.21745
499.7861, 0.21861
500.2717, 0.21863
501.3461, 0.21961
501.7355, 0.21952
502.2223, 0.21965
502.8102, 0.21996
503.2941, 0.22048
503.7349, 0.22119
504.2723, 0.22278
504.7564, 0.22277
505.2951, 0.22371
505.8313, 0.22469
506.2679, 0.22528
506.8076, 0.22545
507.2428, 0.22543
507.7812, 0.22591
508.2667, 0.22593
508.8044, 0.22614
509.2926, 0.22727
509.7824, 0.22792
510.2659, 0.22889
510.7549, 0.22889
511.3398, 0.22953
511.7794, 0.22988
512.2649, 0.2307
512.8026, 0.23079
513.2909, 0.23104
513.8251, 0.23275
514.3154, 0.23333
514.8036, 0.23458
515.2866, 0.23449
516.3124, 0.23539
516.7999, 0.23575
517.2875, 0.23589
517.8242, 0.23591
518.3111, 0.23735
518.8009, 0.23741
519.3819, 0.23777
519.8209, 0.23884
520.3123, 0.23899
520.895, 0.23917
521.3825, 0.23923
521.8193, 0.23917
522.9898, 0.24082
523.3322, 0.24092
523.8199, 0.24127
524.3551, 0.2429
524.8472, 0.24319
525.3309, 0.24355
525.8688, 0.24355
526.3534, 0.24319
526.8423, 0.24311
527.3309, 0.24309
527.9631, 0.24394
528.4008, 0.24415
528.8415, 0.24624
529.4262, 0.24625
529.9156, 0.24671
530.3558, 0.24743
530.8892, 0.24743
531.4252, 0.24742
531.912, 0.24741
532.4, 0.24768
532.9384, 0.24775
533.3743, 0.24906
533.9152, 0.24913
534.4468, 0.24945
534.9859, 0.25025
535.4706, 0.25008
535.9119, 0.25015
536.3975, 0.25001
536.9332, 0.24968
537.4238, 0.24955
537.9084, 0.24962
538.3956, 0.25034
538.9331, 0.25054
539.4197, 0.25183
539.9548, 0.25182
540.4437, 0.25264
541.0309, 0.25313
541.418, 0.25346
541.9083, 0.25364
542.9305, 0.25378
543.4171, 0.25385
543.9048, 0.25401
544.4392, 0.25408
544.9289, 0.25416
545.4156, 0.25451
546.0007, 0.25451
546.4875, 0.25481
546.9274, 0.25475
547.4635, 0.25491
548.0005, 0.25505
548.4894, 0.25502
548.9244, 0.25523
549.4602, 0.25553
549.9501, 0.25597
550.4843, 0.25598
550.9722, 0.25637
551.5099, 0.25683
551.9548, 0.25706
552.4846, 0.25713
553.019, 0.2571
553.4595, 0.25717
553.9474, 0.25712
554.5343, 0.25756
554.972, 0.25754
555.5084, 0.25772
555.994, 0.258
556.485, 0.25786
557.019, 0.25785
557.5552, 0.25793
558.0421, 0.25757
558.5305, 0.2575
559.0192, 0.25752
559.5058, 0.25784
560.0906, 0.25812
560.5267, 0.25873
561.0143, 0.25865
561.5037, 0.25909
561.9913, 0.2593
562.5253, 0.25931
563.0172, 0.2593
563.5021, 0.25931
564.5745, 0.25966
565.0148, 0.25992
565.5008, 0.25992
566.0881, 0.26018
566.5271, 0.26047
567.0115, 0.26048
567.5501, 0.26048
568.085, 0.2606
568.6717, 0.26045
569.5981, 0.26066
570.0354, 0.26103
570.6212, 0.26131
571.1091, 0.26178
571.5449, 0.26167
572.0353, 0.2619
572.6691, 0.26191
573.0579, 0.2619
573.5446, 0.26191
574.0327, 0.26198
574.5682, 0.26225
575.0558, 0.26253
575.5432, 0.2629
576.08, 0.26291
576.5671, 0.26322
577.0565, 0.26336
577.5912, 0.26342
578.0818, 0.26333
578.5667, 0.2633
579.6382, 0.26339
580.0776, 0.26346
581.1018, 0.26392
581.6391, 0.26412
582.0778, 0.26413
582.6126, 0.26424
583.0981, 0.26419
583.5859, 0.26437
584.6594, 0.26449
585.0986, 0.26473
585.5851, 0.26478
586.1234, 0.26507
586.6097, 0.26504
587.0995, 0.26513
587.6338, 0.26535
588.1225, 0.26555
588.6138, 0.26553
589.1472, 0.26562
589.6345, 0.2656
590.1689, 0.26561
591.1425, 0.26565
591.6794, 0.26565
592.6542, 0.26567
593.1429, 0.26553
593.6295, 0.26546
594.1667, 0.26554
594.6564, 0.26562
595.1414, 0.26563
595.678, 0.26595
596.2628, 0.26606
596.7046, 0.26617
597.7252, 0.26654
598.1633, 0.26663
598.6512, 0.2671
599.1876, 0.26711
599.7238, 0.26729
600.1625, 0.26772
600.7009, 0.26763
601.1863, 0.26796
601.6733, 0.2683
602.6968, 0.26883
603.1866, 0.26884
603.6722, 0.26935
604.2082, 0.24417
604.6976, 0.26881
605.1862, 0.26874
605.7218, 0.26895
606.2551, 0.26913
606.7441, 0.26924
607.1841, 0.26942
607.7191, 0.2694
608.2054, 0.26958
608.6945, 0.26971
609.2295, 0.26995
609.7197, 0.26985
610.2055, 0.26995
610.7427, 0.27003
611.2283, 0.27009
611.7673, 0.27008
612.2519, 0.27009
612.7402, 0.27016
613.2276, 0.26989
614.2518, 0.26983
614.7859, 0.26974
615.2285, 0.26933
615.7626, 0.26941
616.2988, 0.2694
616.737, 0.26888
617.2739, 0.26878
617.7613, 0.26844
618.2496, 0.26844
618.7851, 0.26837
619.321, 0.26813
619.7625, 0.26799
620.2458, 0.26782
620.7845, 0.26791
621.2714, 0.26735
621.7589, 0.26728
622.3939, 0.26721
622.7828, 0.26666
623.2701, 0.26665
623.8044, 0.26644
624.2916, 0.26642
624.783, 0.2662
625.271, 0.26567
625.8057, 0.26516
626.2906, 0.26458
626.7811, 0.26458
627.3162, 0.26396
627.8044, 0.26356
628.3409, 0.26308
629.3139, 0.26305
629.8051, 0.26244
630.2905, 0.26241
630.8262, 0.26135
631.3621, 0.26125
631.8526, 0.26111
632.3383, 0.26035
632.8261, 0.26035
633.3134, 0.25975
633.8473, 0.25969
634.3362, 0.25925
634.9214, 0.25925
635.3123, 0.25918
635.8964, 0.25816
636.3337, 0.25818
636.8708, 0.25699
637.4053, 0.257
638.0424, 0.25682
638.332, 0.25598
638.9208, 0.25597
639.5052, 0.25536
639.8442, 0.25537
640.3309, 0.25513
640.9152, 0.25491
641.3563, 0.25382
641.8943, 0.25361
642.3795, 0.25369
642.8697, 0.25216
643.3536, 0.25172
643.9416, 0.25042
644.4297, 0.25034
644.9174, 0.25034
645.8897, 0.24979
646.3777, 0.25031
647.4033, 0.25001
647.8912, 0.25026
648.378, 0.25027
648.9148, 0.24862
649.4511, 0.2486
649.8876, 0.24741
650.4747, 0.2473
650.9109, 0.2473
651.3992, 0.24679
651.8859, 0.24675
652.4245, 0.24676
652.9587, 0.24677
653.3964, 0.24629
654.0822, 0.24576
654.421, 0.24507
654.9086, 0.24489
655.4433, 0.24477
655.9321, 0.24468
656.4195, 0.24495
656.9098, 0.24552
657.6379, 0.24596
657.9307, 0.24579
658.4697, 0.24674
658.9572, 0.24681
659.4433, 0.24702
659.9789, 0.24718
660.5161, 0.24706
660.9534, 0.24756
661.4419, 0.24769
662.4645, 0.24843
663.0015, 0.24841
663.4396, 0.24893
663.9751, 0.2488
664.4655, 0.24917
664.9509, 0.24939
665.4885, 0.24994
666.0242, 0.25012
666.4625, 0.25001
666.9982, 0.25056
667.4886, 0.25063
667.9739, 0.2513
668.5583, 0.2513
669.0001, 0.25218
669.5361, 0.25312
669.9713, 0.25489
670.5591, 0.2557
670.9954, 0.25557
671.4827, 0.25601
672.0222, 0.25619
672.5076, 0.25586
673.0439, 0.25389
674.0685, 0.25277
674.5064, 0.25269
674.9946, 0.2528
675.5811, 0.25324
676.018, 0.25417
676.5051, 0.25482
677.1401, 0.25481
677.6288, 0.2551
678.0154, 0.25531
678.555, 0.2539
679.0902, 0.2539
679.5298, 0.25371
680.0626, 0.25323
680.7941, 0.25323
681.0391, 0.25385
681.5279, 0.25387
682.0627, 0.25416
682.5507, 0.25481
683.0392, 0.2548
683.574, 0.25428
684.0596, 0.25421
684.6486, 0.25327
685.6243, 0.25328
686.0596, 0.25307
686.5945, 0.25327
687.1345, 0.25421
687.571, 0.25415
688.0591, 0.2544
688.5966, 0.25498
689.0851, 0.25523
689.5718, 0.25566
690.0591, 0.25549
690.5934, 0.25566
691.08, 0.25575
691.5683, 0.25604
692.2032, 0.25596
692.5927, 0.25597
693.324, 0.2565
693.7628, 0.25651
694.201, 0.25754
694.5933, 0.25752
695.6646, 0.25857
696.1035, 0.25863
697.1273, 0.25907
697.6141, 0.25945
698.1038, 0.25961
698.6384, 0.2596
699.1265, 0.26133
699.6141, 0.26146
700.1483, 0.26309
700.6385, 0.26311
701.1747, 0.26296
701.6116, 0.2625
702.1964, 0.26202
702.6344, 0.26144
703.1245, 0.26142
703.6583, 0.26198
704.1479, 0.26231
704.6359, 0.26468
705.1715, 0.26508
705.705, 0.26508
706.1457, 0.26665
707.2172, 0.26597
707.7084, 0.26595
708.3882, 0.26603
708.6802, 0.26592
709.2153, 0.26586
709.6572, 0.26732
710.194, 0.26732
710.6805, 0.26789
711.1682, 0.2678
711.7526, 0.26781
712.1907, 0.26689
712.6776, 0.26691
713.702, 0.2671
714.1917, 0.2673
714.6743, 0.2689
715.215, 0.26939
715.7484, 0.27052
716.1877, 0.2705
716.7723, 0.2709
717.3576, 0.2713
717.6996, 0.27224
718.1865, 0.2727
718.723, 0.27264
719.2125, 0.27433
719.6977, 0.2745
720.2335, 0.27438
720.7239, 0.27438
721.2089, 0.27401
721.7452, 0.27251
722.2351, 0.27252
722.7202, 0.27214
723.3548, 0.27222
723.7426, 0.27371
724.2318, 0.27437
724.7211, 0.27437
725.254, 0.27638
725.7451, 0.2764
726.2786, 0.27687
726.769, 0.27684
727.3027, 0.2769
727.7418, 0.27716
728.326, 0.27746
728.8159, 0.27866
729.2534, 0.27873
729.7405, 0.27944
730.2768, 0.2799
730.7662, 0.28024
731.2515, 0.28036
731.7875, 0.28029
732.2753, 0.28091
732.7634, 0.28115
733.2993, 0.28228
733.7848, 0.28229
734.274, 0.28235
734.8104, 0.28254
735.2996, 0.28256
735.7876, 0.28231
736.2728, 0.28224
736.8108, 0.28271
737.2972, 0.2831
737.7834, 0.2831
738.3698, 0.28485
738.8078, 0.28485
739.2959, 0.28562
739.8325, 0.28589
740.3176, 0.28591
740.8099, 0.28572
741.2946, 0.28558
741.8312, 0.28549
742.3187, 0.28547
742.8057, 0.28606
743.342, 0.28636
743.8298, 0.28703
744.3653, 0.28756
744.8525, 0.28773
745.3397, 0.28894
745.8299, 0.28957
746.3147, 0.2909
746.8517, 0.291
747.438, 0.29106
748.3624, 0.29067
748.8976, 0.29095
749.3869, 0.28967
749.9717, 0.2901
750.3622, 0.2907
750.9932, 0.29072
751.3844, 0.29237
751.8749, 0.29386
752.3608, 0.29538
752.8502, 0.29612
753.3847, 0.29611
753.8731, 0.29711
754.3589, 0.29735
754.9473, 0.29887
755.4342, 0.29888
755.8713, 0.29931
756.4066, 0.30123
756.9419, 0.30144
757.3812, 0.30185
758.4525, 0.30138
758.9437, 0.30064
759.3808, 0.30123
760.012, 0.3013
760.4036, 0.30131
760.8925, 0.30414
761.4749, 0.3045
761.9147, 0.30471
762.5026, 0.30748
762.9368, 0.30758
763.4287, 0.30786
763.9136, 0.30787
764.4527, 0.30765
764.9866, 0.30736
765.5236, 0.30834
765.9128, 0.30902
766.4995, 0.30908
766.9833, 0.31089
767.4236, 0.31154
768.0135, 0.3121
768.4973, 0.31218
768.9368, 0.31197
769.5205, 0.31054
769.9585, 0.31048
770.4473, 0.3104
770.9345, 0.31038
771.4698, 0.31116
771.9578, 0.31224
772.4469, 0.31225
772.9851, 0.31432
773.4711, 0.31434
773.9566, 0.31511
774.4944, 0.31545
775.0275, 0.31538
775.4679, 0.31551
775.9559, 0.3155
776.5384, 0.31507
777.0278, 0.31507
777.4653, 0.31499
778.491, 0.31475
779.0274, 0.31505
779.4661, 0.31507
779.9996, 0.31562
780.4893, 0.31598
781.0236, 0.31611
781.5616, 0.3161
781.9996, 0.31621
782.4907, 0.31592
783.0236, 0.31594
783.5601, 0.31646
783.9992, 0.31636
784.587, 0.31661
785.025, 0.31727
785.5605, 0.31728
785.9979, 0.31688
786.5836, 0.31695
787.0723, 0.31619
787.5092, 0.31578
788.5345, 0.316
789.0227, 0.31597
789.5079, 0.31696
790.0445, 0.31703
790.5337, 0.31702
791.0196, 0.31747
791.5529, 0.31711
792.0424, 0.31688
792.5308, 0.31686
793.066, 0.31671
793.5555, 0.31662
794.0432, 0.31704
794.6754, 0.31726
795.1624, 0.31728
795.5524, 0.31759
796.0881, 0.3177
796.5787, 0.31779
797.1113, 0.31781
797.5516, 0.3178
798.0873, 0.3182
798.6266, 0.31821
799.065, 0.31876
799.5992, 0.31875
800.1823, 0.31907
800.6238, 0.31921
801.0627, 0.31922
801.5979, 0.31955
802.0845, 0.31986
802.5729, 0.32047
803.1581, 0.32062
803.6944, 0.32062
804.0864, 0.32119
804.5721, 0.32118
805.3029, 0.32112
805.6449, 0.32114
806.083, 0.32175
806.6199, 0.322
807.1076, 0.32264
807.645, 0.32332
808.1306, 0.32332
808.6651, 0.32449
809.2021, 0.32476
809.5947, 0.32513
810.1307, 0.32523
810.6184, 0.32512
811.1541, 0.3249
811.64, 0.325
812.127, 0.32507
812.7645, 0.32566
813.2002, 0.32613
813.6404, 0.32674
814.1267, 0.32673
815.197, 0.32683
815.6394, 0.32662
816.1254, 0.32661
816.8579, 0.32661
817.1974, 0.32704
817.6343, 0.32709
818.6601, 0.32789
819.15, 0.32801
819.6361, 0.32845
820.1718, 0.32856
820.6614, 0.32867
821.1466, 0.32879
821.684, 0.32868
822.2218, 0.32894
822.6581, 0.32881
823.2446, 0.32906
823.8757, 0.32906
824.1714, 0.32905
825.2914, 0.32903
825.7292, 0.32883
826.1673, 0.32884
826.7068, 0.32905
827.1939, 0.32899
827.73, 0.32926
828.2141, 0.32957
828.7027, 0.32981
829.287, 0.32989
829.6808, 0.32988
830.2139, 0.33022
830.7021, 0.33022
831.2399, 0.33062
831.7275, 0.33064
832.2142, 0.33073
832.7, 0.33104
833.235, 0.33105
833.7235, 0.33143
834.2125, 0.33151
835.2349, 0.33185
835.725, 0.33183
836.2121, 0.33217
836.7952, 0.3323
837.5746, 0.3329
837.6705, 0.33301
838.2561, 0.33303
838.745, 0.33346
839.2815, 0.33363
840.304, 0.33395
840.7465, 0.3342
841.2333, 0.33458
841.771, 0.33488
842.2538, 0.33522
842.743, 0.3352
843.3279, 0.33569
843.7657, 0.33571
844.2537, 0.33621
845.2781, 0.33641
845.7672, 0.33684
846.3015, 0.33691
846.8894, 0.33723
847.2746, 0.3372
847.7638, 0.33729
848.3487, 0.33757
848.8854, 0.3374
849.2734, 0.33764
850.2986, 0.33784
850.8363, 0.33792
851.2753, 0.33793
851.8619, 0.33818
852.3473, 0.33827
852.7863, 0.33825
853.3699, 0.33824
853.8596, 0.33814
854.5386, 0.33822
854.8328, 0.33813
855.3679, 0.33812
855.8084, 0.33812
856.8332, 0.33812
857.3195, 0.33812
857.808, 0.3382
858.3918, 0.33819
858.8332, 0.33828
859.3181, 0.33819
859.9051, 0.33823
860.34, 0.33817
860.83, 0.33816
861.3146, 0.33828
861.8535, 0.33829
862.342, 0.33828
862.8285, 0.33839
863.3621, 0.33838
863.9014, 0.33844
864.3388, 0.33843
864.8735, 0.33854
865.3614, 0.33844
865.8497, 0.33856
866.3353, 0.33854
866.9233, 0.33854
867.3613, 0.33874
867.8975, 0.3392
868.3832, 0.33887
868.8748, 0.33881
869.3588, 0.33899
869.9439, 0.33909
870.386, 0.33901
870.8713, 0.33888
871.358, 0.3389
871.945, 0.3389
872.3832, 0.33904
872.8707, 0.33901
873.4089, 0.33915
873.896, 0.33914
874.3806, 0.33914
874.8693, 0.33914
875.4055, 0.33924
875.9443, 0.33926
876.3782, 0.33943
876.9677, 0.33943
877.403, 0.3395
877.8942, 0.3397
878.4304, 0.33969
878.9172, 0.33969
879.4536, 0.33969
879.8906, 0.33969
880.4746, 0.33998
880.9653, 0.34012
881.3998, 0.34022
881.9388, 0.34019
882.423, 0.3402
882.9619, 0.3405
883.4487, 0.34048
883.9389, 0.34047
884.4224, 0.34047
884.9114, 0.34066
885.4482, 0.34077
885.935, 0.34068
886.4236, 0.3408
887.0579, 0.34094
887.4445, 0.3411
887.9361, 0.34111
888.4684, 0.34128
888.9604, 0.34132
889.4452, 0.34142
889.9329, 0.34132
890.5201, 0.34139
891.0081, 0.34131
891.4444, 0.34139
892.1288, 0.34138
892.4681, 0.34139
893.1021, 0.3414
893.5893, 0.34139
894.0292, 0.34138
894.4653, 0.34126
895.0051, 0.34117
895.5414, 0.34116
895.9775, 0.34117
896.5637, 0.34118
897.053, 0.34118
897.4882, 0.34109
897.9751, 0.34117
898.5597, 0.34114
899.0031, 0.34116
899.4878, 0.34115
900.0728, 0.34115
900.5113, 0.34115
901.048, 0.34115
901.4844, 0.34116
902.0226, 0.3413
902.5106, 0.33634
903.0001, 0.33977
903.5851, 0.33979
904.0241, 0.34004
904.5093, 0.34003
905.5328, 0.34012
906.0208, 0.34004
906.5063, 0.34023
907.0449, 0.34023
907.532, 0.3403
908.0215, 0.34022
908.5549, 0.34022
909.2864, 0.3402
909.5308, 0.34021
910.0675, 0.34029
910.6514, 0.34028
911.1376, 0.34027
911.5783, 0.3402
912.0631, 0.34019
912.6052, 0.34003
913.0434, 0.34002
913.5755, 0.34125
914.0624, 0.34118
914.6008, 0.34182
915.1356, 0.34334
915.5746, 0.34424
916.0631, 0.34575
916.648, 0.34575
917.1851, 0.34696
917.6252, 0.34816
918.1115, 0.35012
918.7426, 0.35056
919.0859, 0.35053
919.5722, 0.35289
920.1094, 0.35333
920.644, 0.35636
921.0836, 0.35652
922.1558, 0.35849
922.6443, 0.35838
923.0862, 0.35894
923.6683, 0.35969
924.1099, 0.36049
924.6431, 0.36086
925.1317, 0.36088
925.6655, 0.36135
926.1063, 0.36165
926.5928, 0.36196
927.1796, 0.36197
927.6158, 0.36204
928.2975, 0.3621
928.6888, 0.36209
929.1302, 0.36219
929.6158, 0.36213
930.1544, 0.36214
930.6876, 0.36224
931.1293, 0.36204
932.201, 0.36098
932.7353, 0.36098
933.2236, 0.36078
933.6616, 0.36086
934.2469, 0.3605
934.636, 0.36039
935.7567, 0.36037
936.1989, 0.36101
936.6354, 0.36242
937.1727, 0.36193
937.6589, 0.36182
938.1961, 0.36176
938.6832, 0.36085
939.2214, 0.36032
939.7048, 0.35764
940.1938, 0.35779
940.6822, 0.3578
941.1698, 0.35327
941.7059, 0.35241
942.1912, 0.34874
942.7301, 0.34873
943.1656, 0.34765
943.7054, 0.34706
944.1929, 0.34706
944.7286, 0.34547
945.2156, 0.34557
945.7042, 0.34478
946.1883, 0.34446
946.676, 0.34438
947.2164, 0.34533
947.7013, 0.34542
948.1888, 0.34619
948.726, 0.34617
949.2131, 0.34637
949.7001, 0.34696
950.2364, 0.34729
950.7263, 0.34762
951.2119, 0.34763
951.7008, 0.3479
952.2349, 0.34813
952.723, 0.34873
953.2084, 0.34865
953.7475, 0.34873
954.2353, 0.3497
954.7241, 0.34972
955.256, 0.35123
955.7443, 0.35122
956.235, 0.35184
956.7208, 0.35298
957.2563, 0.3532
957.8926, 0.35472
958.2316, 0.35464
958.8652, 0.35559
959.2542, 0.356
959.7452, 0.35601
960.329, 0.35692
960.7675, 0.35693
961.254, 0.35819
962.3269, 0.35862
962.8169, 0.35957
963.4009, 0.35968
963.7889, 0.35995
964.2764, 0.35988
964.7627, 0.35994
965.3007, 0.35996
965.9352, 0.36013
966.2758, 0.36026
966.7654, 0.36015
967.2994, 0.3606
967.789, 0.36076
968.2735, 0.36109
968.8609, 0.36111
969.2983, 0.36098
969.8856, 0.36068
970.3215, 0.36068
970.8088, 0.36056
971.297, 0.36065
971.7845, 0.36086
972.3196, 0.36106
972.8105, 0.36107
973.2939, 0.36156
973.8833, 0.36158
974.3193, 0.36149
974.8578, 0.36143
975.3428, 0.36137
975.8328, 0.3612
976.3174, 0.36139
977.3401, 0.36166
977.8295, 0.36196
978.3176, 0.3625
978.8552, 0.36288
979.34, 0.36327
979.8277, 0.36328
980.3644, 0.36396
980.8526, 0.36438
981.4393, 0.36505
981.8279, 0.36506
982.3631, 0.36505
982.8994, 0.36609
983.3376, 0.36615
983.9733, 0.36724
984.4131, 0.36726
984.8488, 0.36756
985.3854, 0.36816
985.8732, 0.36816
986.362, 0.36844
986.8497, 0.36854
987.3845, 0.36906
987.8735, 0.36928
988.3584, 0.36926
988.8956, 0.37004
989.3832, 0.37019
989.8702, 0.37085
990.9453, 0.37087
991.4312, 0.37122
991.8698, 0.3712
992.4531, 0.37128
993.0406, 0.37135
993.4316, 0.37124
993.9646, 0.37122
994.4045, 0.37121
994.9907, 0.37113
995.4282, 0.37113
995.9659, 0.37078
996.4033, 0.37059
997.4759, 0.36994
997.9161, 0.36973
998.4523, 0.36903
998.9398, 0.369
999.4243, 0.36861
999.9128, 0.36807
1000.449, 0.3674
1000.937, 0.36719
1001.524, 0.36712
1001.962, 0.36629
1002.447, 0.36602
1002.936, 0.36505
1003.425, 0.36506
1003.962, 0.36491
1004.494, 0.36449
1004.934, 0.36442
1005.471, 0.36374
1005.958, 0.36376
1006.495, 0.36341
1007.521, 0.36262
1007.955, 0.36228
1008.446, 0.36218
1008.983, 0.36199
1009.469, 0.362
1009.957, 0.362
1010.495, 0.36199
1010.979, 0.36187
1011.517, 0.36143
1012.003, 0.36136
1012.49, 0.36126
1012.977, 0.36116
1013.467, 0.36115
1014.052, 0.36124
1014.539, 0.36113
1015.075, 0.3611
1015.562, 0.36092
1016.002, 0.36076
1016.489, 0.36076
1017.024, 0.36085
1017.512, 0.36107
1018.002, 0.36114
1019.026, 0.36143
1019.51, 0.36142
1019.998, 0.3615
1020.537, 0.36147
1021.022, 0.36165
1021.557, 0.36157
1022.045, 0.36173
1022.533, 0.36182
1023.021, 0.36191
1024.046, 0.36214
1024.534, 0.36204
1025.02, 0.36213
1025.558, 0.36197
1026.045, 0.36165
1026.628, 0.36129
1027.167, 0.36102
1027.554, 0.36096
1028.044, 0.36059
1029.068, 0.35996
1029.652, 0.35987
1030.042, 0.35997
1030.578, 0.35938
1031.064, 0.35937
1031.603, 0.35901
1032.088, 0.35903
1032.576, 0.35903
1033.113, 0.35891
1033.553, 0.3589
1034.185, 0.35889
1034.577, 0.3589
1035.064, 0.35879
1035.601, 0.35871
1036.135, 0.35873
1036.573, 0.35858
1037.161, 0.35856
1037.595, 0.35814
1038.086, 0.35816
1038.573, 0.35815
1039.108, 0.35773
1039.644, 0.35781
1040.133, 0.35764
1040.621, 0.35761
1041.158, 0.35734
1041.595, 0.35723
1042.182, 0.35703
1042.619, 0.35694
1043.106, 0.35694
1044.18, 0.3567
1044.619, 0.35627
1045.153, 0.35645
1045.741, 0.35643
1046.131, 0.35616
1046.616, 0.35626
1047.154, 0.35598
1047.641, 0.35597
1048.126, 0.35575
1048.616, 0.35549
1049.151, 0.35556
1049.688, 0.35503
1050.127, 0.35513
1050.663, 0.35469
1051.152, 0.3546
1051.638, 0.35458
1052.661, 0.35622
1053.148, 0.35584
1053.634, 0.35595
1054.172, 0.35566
1054.659, 0.35522
1055.15, 0.35504
1055.733, 0.35471
1056.171, 0.35468
1056.657, 0.35431
1057.194, 0.35416
1057.78, 0.35399
1058.267, 0.35385
1058.656, 0.35396
1059.194, 0.35374
1059.683, 0.35359
1060.17, 0.35332
1060.706, 0.35326
1061.195, 0.35317
1061.727, 0.35291
1062.265, 0.3529
1062.704, 0.35273
1063.192, 0.35274
1064.214, 0.35214
1064.751, 0.35216
1065.191, 0.35153
1065.729, 0.35153
1066.215, 0.35114
1066.7, 0.35111
1067.335, 0.35111
1067.725, 0.35064
1068.261, 0.35056
1069.236, 0.35021
1069.724, 0.35019
1070.212, 0.35005
1070.747, 0.35028
1071.236, 0.35039
1071.771, 0.35033
1072.259, 0.35043
1072.746, 0.35035
1073.234, 0.35009
1073.721, 0.35009
1074.305, 0.35007
1074.745, 0.34974
1075.234, 0.34965
1075.766, 0.34977
1076.255, 0.34951
1076.745, 0.3495
1077.28, 0.34942
1077.816, 0.34944
1078.254, 0.34973
1078.743, 0.34977
1079.277, 0.35012
1079.817, 0.35018
1080.253, 0.3502
1080.788, 0.35085
1081.277, 0.35091
1081.765, 0.35123
1082.349, 0.35124
1082.791, 0.3516
1083.373, 0.35182
1083.815, 0.35245
1084.349, 0.35263
1084.787, 0.35278
1085.324, 0.35362
1085.861, 0.35386
1086.299, 0.3538
1086.885, 0.35459
1087.322, 0.35483
1087.81, 0.35597
1088.296, 0.35631
1089.321, 0.35755
1089.859, 0.35818
1090.296, 0.35891
1090.883, 0.3593
1091.321, 0.36052
1091.807, 0.36125
1092.344, 0.36257
1092.833, 0.36294
1093.319, 0.36309
1093.805, 0.36507
1094.44, 0.36531
1094.877, 0.36726
1095.318, 0.36717
1095.905, 0.36855
1096.34, 0.37066
1096.829, 0.37055
1097.365, 0.3744
1097.855, 0.37434
1098.339, 0.37699
1098.878, 0.37868
1099.363, 0.37876
1099.947, 0.38297
1100.435, 0.38295
1100.876, 0.38624
1101.411, 0.38665
1101.85, 0.3839
1102.484, 0.40488
1103.021, 0.40525
1103.458, 0.40581
1104.191, 0.40596
1104.385, 0.40621
1104.872, 0.40649
1105.993, 0.40666
1106.384, 0.40667
1106.872, 0.40674
1107.749, 0.40695
1107.843, 0.40681
1108.431, 0.40682
1109.554, 0.40642
1109.893, 0.40652
1110.382, 0.40551
1111.163, 0.40544
1111.404, 0.40471
1111.941, 0.40401
1112.622, 0.40403
1113.014, 0.40242
1113.402, 0.40169
1113.942, 0.4008
1114.524, 0.4008
1114.916, 0.40057
1115.939, 0.39732
1116.426, 0.3949
1117.108, 0.39491
1117.448, 0.39368
1117.938, 0.39171
1118.474, 0.38958
1118.961, 0.3882
1119.448, 0.38817
1119.986, 0.38523
1120.959, 0.38077
1121.544, 0.38043
1121.934, 0.38007
1122.52, 0.37636
1122.961, 0.37622
1123.447, 0.37199
1124.031, 0.37187
1124.472, 0.3701
1124.955, 0.36766
1125.445, 0.36733
1125.981, 0.3634
1126.518, 0.3634
1126.962, 0.36288
1127.543, 0.36041
1127.982, 0.36035
1128.465, 0.35709
1129.006, 0.35643
1129.494, 0.35381
1129.978, 0.35381
1130.517, 0.35372
1131.002, 0.3531
1131.489, 0.35219
1132.027, 0.35099
1132.514, 0.35098
1133.05, 0.34827
1133.489, 0.34656
1134.026, 0.34177
1134.512, 0.34045
1135, 0.34045
1135.486, 0.33
1136.024, 0.3299
1136.511, 0.31888
1137.002, 0.31908
1137.536, 0.31646
1138.072, 0.31124
1138.559, 0.31158
1139.048, 0.31158
1139.533, 0.31127
1140.021, 0.31257
1141.045, 0.31319
1141.583, 0.31304
1142.019, 0.31291
1142.654, 0.31168
1143.044, 0.31147
1143.53, 0.31116
1144.114, 0.30975
1144.555, 0.30889
1145.094, 0.30687
1146.065, 0.30627
1146.553, 0.30573
1147.041, 0.30313
1147.575, 0.30166
1148.063, 0.3016
1148.602, 0.29865
1149.089, 0.29802
1149.676, 0.29786
1150.064, 0.2937
1151.085, 0.29137
1151.575, 0.29131
1152.208, 0.2903
1152.598, 0.28853
1153.086, 0.28702
1153.575, 0.28555
1154.206, 0.28541
1154.599, 0.28287
1155.134, 0.28144
1156.157, 0.27865
1156.595, 0.27871
1157.083, 0.28308
1157.62, 0.28456
1158.108, 0.29057
1158.594, 0.29065
1159.181, 0.29329
1159.621, 0.2978
1160.155, 0.29781
1160.594, 0.30508
1161.132, 0.30516
1161.618, 0.30836
1162.154, 0.30966
1162.641, 0.30965
1163.128, 0.31223
1163.664, 0.31217
1164.152, 0.3149
1164.641, 0.31561
1165.13, 0.31683
1165.615, 0.32115
1166.153, 0.32298
1166.735, 0.32527
1167.176, 0.32535
1167.663, 0.32719
1168.15, 0.32857
1168.685, 0.33066
1169.173, 0.33132
1169.663, 0.33129
1170.202, 0.33101
1170.687, 0.33093
1171.223, 0.32732
1171.659, 0.32726
1172.244, 0.32632
1172.684, 0.32325
1173.222, 0.32322
1173.661, 0.31778
1174.243, 0.31784
1174.682, 0.3149
1175.172, 0.3128
1175.657, 0.31281
1176.289, 0.31104
1176.779, 0.31112
1177.169, 0.30671
1177.705, 0.30668
1178.192, 0.30625
1178.68, 0.30435
1179.215, 0.30401
1179.753, 0.30334
1180.191, 0.30333
1180.678, 0.30307
1181.216, 0.30266
1181.704, 0.30317
1182.191, 0.30363
1182.825, 0.30357
1183.214, 0.3023
1183.704, 0.30098
1184.238, 0.29551
1184.726, 0.29524
1185.261, 0.29403
1186.284, 0.28661
1186.723, 0.2831
1187.21, 0.28302
1187.75, 0.27932
1188.235, 0.27466
1188.722, 0.27463
1189.258, 0.27133
1189.826, 0.27133
1190.282, 0.27319
1190.724, 0.2735
1191.256, 0.27347
1191.842, 0.27046
1192.232, 0.26981
1192.768, 0.26205
1193.303, 0.26213
1193.744, 0.25877
1194.279, 0.25155
1194.818, 0.24752
1195.256, 0.24138
1195.744, 0.2414
1196.278, 0.23241
1196.768, 0.22541
1197.303, 0.20535
1197.89, 0.20092
1198.277, 0.2009
1198.765, 0.15959
1199.3, 0.15567
1199.789, 0.013858
1200.276, 0
1200.765, 0.031344
1201.299, 0.031344
1201.885, 0.033038
1202.275, 0.033045
1202.811, 0.033045
1203.3, 0.033022
1203.786, 0.033022
1204.322, 0.03306
1204.809, 0.033073
1205.344, 0.033073
1205.787, 0.033086
1206.321, 0.033086
1206.811, 0.033097
1207.833, 0.033084
1208.416, 0.0331
1208.808, 0.033102
1209.441, 0.033102
1209.929, 0.033078
