0, -0.2114
0.540517, -0.21139
1.074839, -0.21132
1.513839, -0.21134
2.000983, -0.21127
2.537209, -0.21134
3.024128, -0.21125
3.514336, -0.21124
4.098658, -0.21125
4.538032, -0.21126
5.07069, -0.36965
5.510145, -0.13927
6.047507, -0.13984
6.532791, -0.14012
7.021785, -0.13983
7.559115, -0.15827
8.045517, 0.06775001
8.534516, 0.0675
9.069632, 0.06721
9.558448, 0.06719001
10.04574, 0.06704
10.53236, 0.06695
11.06853, 0.06694
11.55448, 0.06693
12.04449, 0.06692
12.63109, 0.06686001
13.06775, 0.06685
13.55699, 0.06672
14.09309, 0.06680001
14.57864, 0.06680001
15.06601, 0.06686001
16.28587, 0.06709
16.57744, 0.06751001
17.11482, 0.06773001
17.60111, 0.06782001
18.08873, 0.06773001
18.57791, -0.07053
19.1126, -0.13328
19.60028, -0.13335
20.08954, -0.13212
20.67347, -0.13245
21.10943, -0.1313
21.59864, -0.13099
22.08545, -0.13035
22.62251, -0.13017
23.10965, -0.13017
23.59678, -0.12956
24.13372, -0.12948
24.66775, -0.12893
25.108, -0.12894
26.13214, -0.12826
26.61985, -0.1278
27.10755, -0.12849
27.64157, -0.12819
28.13097, -0.12789
28.61751, -0.12821
29.15578, -0.12895
29.64094, -0.12904
30.13214, -0.12877
30.66818, -0.12958
31.153, -0.12991
31.64106, -0.1306
32.12926, -0.13048
32.66531, -0.13024
33.15313, -0.13067
33.64214, -0.13075
34.17438, -0.13214
34.66593, -0.13215
35.15266, -0.13322
35.68739, -0.13296
36.17718, -0.13315
36.66232, -0.13398
37.15072, -0.13448
37.68664, -0.13518
38.17367, -0.13536
38.70935, -0.13602
39.29415, -0.13667
39.68719, -0.13776
40.27209, -0.13801
40.71061, -0.13853
41.34153, -0.13903
41.68395, -0.13905
42.22115, -0.14017
42.71109, -0.14002
43.19447, -0.1406
43.78148, -0.14108
44.27052, -0.14114
44.70872, -0.14198
45.33794, -0.14199
45.73125, -0.14285
46.21922, -0.14287
46.70742, -0.14319
47.24294, -0.14428
47.73064, -0.14459
48.26706, -0.14546
48.70567, -0.14564
49.28993, -0.14524
49.72606, -0.14567
50.2142, -0.14545
50.75317, -0.14561
51.24012, -0.14541
51.77676, -0.14584
52.26444, -0.14585
52.84919, -0.14679
53.23518, -0.14667
53.72435, -0.14676
54.25906, -0.14663
54.79944, -0.14652
55.23756, -0.14648
55.77429, -0.14695
56.25923, -0.14694
56.79623, -0.1468
57.33177, -0.14664
57.77031, -0.14687
58.25664, -0.14689
58.74692, -0.14717
59.28031, -0.14699
59.77122, -0.1469
60.26497, -0.1466
60.7944, -0.14628
61.27896, -0.14603
61.77102, -0.1458
62.30709, -0.14608
62.79481, -0.14632
63.27992, -0.14724
63.76836, -0.14737
64.30489, -0.1479
64.79111, -0.1483
65.37592, -0.14777
65.81506, -0.14796
66.35047, -0.14778
66.83789, -0.14819
67.32808, -0.14817
67.81586, -0.14837
68.30073, -0.14877
68.78946, -0.14962
69.32504, -0.14984
69.81293, -0.14976
70.40011, -0.15033
70.8369, -0.15033
71.32288, -0.15123
71.81194, -0.15123
72.34552, -0.15124
72.83547, -0.1519
73.32239, -0.15176
74.39689, -0.15241
74.8342, -0.15292
75.85724, -0.15318
76.39386, -0.15382
76.83458, -0.15356
77.36819, -0.15409
77.9044, -0.15403
78.39487, -0.15402
78.88155, -0.15393
79.41825, -0.15402
79.85551, -0.15418
80.34381, -0.15409
80.87708, -0.15442
81.3648, -0.15442
81.90205, -0.15477
82.39135, -0.15462
82.87697, -0.15452
83.41178, -0.15461
83.95113, -0.15461
84.39004, -0.15453
84.87589, -0.15434
85.36356, -0.15441
85.94868, -0.15448
86.38681, -0.15438
86.87527, -0.15461
87.41064, -0.15429
87.94751, -0.1543
88.38742, -0.15429
88.97115, -0.1541
89.40948, -0.15411
89.89738, -0.15409
90.43595, -0.15419
90.92066, -0.15449
91.40801, -0.15425
91.89738, -0.15396
92.43293, -0.15431
92.96626, -0.15421
93.45613, -0.15428
93.94527, -0.15464
94.4336, -0.15465
94.96686, -0.15534
95.45484, -0.15506
95.9418, -0.15269
96.42995, -0.15258
96.91747, -0.15251
97.45366, -0.15281
97.94318, -0.15287
98.4287, -0.15322
98.96494, -0.1533
99.45149, -0.15381
99.93993, -0.15409
100.4782, -0.15481
100.9647, -0.15497
101.4513, -0.15475
101.9876, -0.15541
102.4757, -0.15554
102.9624, -0.15619
103.9861, -0.15661
104.4757, -0.1571
104.9612, -0.15694
105.4974, -0.15852
105.9855, -0.15854
106.4732, -0.15888
107.0094, -0.15888
107.4962, -0.15873
108.032, -0.1589
108.4731, -0.15905
109.0072, -0.15945
109.4971, -0.15942
109.9825, -0.15999
110.5188, -0.16028
111.0544, -0.16089
111.4938, -0.16096
112.0306, -0.16083
112.5158, -0.16082
113.0077, -0.16067
113.5406, -0.16085
114.0781, -0.16075
114.5641, -0.16077
115.005, -0.16111
115.5394, -0.16104
116.0256, -0.16132
116.515, -0.16108
117.0514, -0.16079
117.5366, -0.1608
118.0262, -0.16041
118.5621, -0.16007
119.0504, -0.15971
119.5866, -0.15953
120.0252, -0.15953
120.5626, -0.15895
121.0474, -0.15875
121.5343, -0.15817
122.0728, -0.15816
122.5609, -0.15764
123.0485, -0.157
123.5839, -0.15607
124.0703, -0.15551
124.5588, -0.15549
125.0457, -0.15395
125.632, -0.15366
126.0699, -0.15356
126.5584, -0.15228
127.0941, -0.15196
127.5813, -0.15158
128.0686, -0.15165
128.6047, -0.14981
129.0923, -0.14977
129.5802, -0.14858
130.1162, -0.14824
130.6048, -0.14822
131.0913, -0.14734
131.5785, -0.14715
132.1181, -0.14699
132.6031, -0.14686
133.0899, -0.14654
133.6269, -0.14613
134.114, -0.14455
134.6018, -0.14405
135.1384, -0.14405
135.6264, -0.14258
136.1128, -0.14248
136.6, -0.14228
137.1347, -0.1418
137.6261, -0.1413
138.1106, -0.14109
138.6474, -0.14098
139.1354, -0.14017
139.6252, -0.13979
140.2086, -0.13832
140.6483, -0.13821
141.1353, -0.1373
141.6208, -0.13712
142.2056, -0.1367
142.6455, -0.13645
143.1325, -0.13647
143.6677, -0.13582
144.1563, -0.13548
144.646, -0.13559
145.178, -0.1341
145.6696, -0.13408
146.1574, -0.13297
146.7865, -0.13309
147.1781, -0.13269
147.6657, -0.13212
148.1543, -0.13146
148.69, -0.13091
149.2242, -0.13084
149.6655, -0.12977
150.2024, -0.12947
150.6909, -0.12821
151.1744, -0.1282
152.2006, -0.127
152.6879, -0.12587
153.1728, -0.12529
153.7586, -0.12538
154.2449, -0.12442
154.7859, -0.12422
155.2713, -0.12419
155.7103, -0.1227
156.1992, -0.12255
156.7317, -0.12174
157.2695, -0.12165
157.8105, -0.12112
158.2467, -0.12055
158.7343, -0.11986
159.2209, -0.11912
159.7067, -0.11934
160.2434, -0.11861
160.7335, -0.11847
161.2211, -0.11777
161.7537, -0.11779
162.2917, -0.11752
162.7323, -0.11691
163.2176, -0.11592
163.756, -0.11526
164.2425, -0.11525
164.7292, -0.1139
165.2659, -0.11364
165.752, -0.11358
166.2416, -0.1125
166.7761, -0.11223
167.2658, -0.11112
167.7983, -0.11112
168.2885, -0.11067
168.7775, -0.11004
169.2613, -0.10923
169.8026, -0.10889
170.2864, -0.10889
170.7747, -0.10768
171.2613, -0.10744
171.797, -0.10607
172.2871, -0.10635
172.7746, -0.10597
173.3083, -0.10536
173.7963, -0.10449
174.2841, -0.10411
174.7703, -0.10409
175.3076, -0.10288
175.7952, -0.1027
176.2849, -0.10252
176.8188, -0.10135
177.3066, -0.10088
177.7935, -0.10013
178.3305, -0.10028
178.817, -0.09839001
179.3046, -0.09884
179.7927, -0.09773001
180.3292, -0.09751001
180.8168, -0.09769001
181.8401, -0.08961
182.3295, -0.08848001
182.817, -0.08854
183.3999, -0.08777
183.8409, -0.08731
184.3776, -0.08635
184.865, -0.08619001
185.3501, -0.08609
185.9347, -0.08523001
186.9091, -0.0842
187.3981, -0.0842
187.8852, -0.08363
188.4192, -0.08316001
188.8585, -0.08318
189.3488, -0.08242
189.8826, -0.08225001
190.419, -0.08094001
190.8579, -0.08156
191.9292, -0.08056
192.3716, -0.0803
192.8598, -0.07974
193.3954, -0.07975
193.8826, -0.07923001
194.3703, -0.07923001
194.9539, -0.07837
195.4912, -0.07838
195.88, -0.07828
196.3675, -0.07734
196.9043, -0.0775
197.3913, -0.07669
197.8778, -0.07681
198.4165, -0.07618
198.9042, -0.07619001
199.3914, -0.0762
199.9268, -0.07526001
200.4167, -0.0755
200.9009, -0.07406
201.3893, -0.07440001
201.9746, -0.07415
202.4125, -0.07325
202.8981, -0.07256
203.4345, -0.07277
203.9242, -0.0727
204.4126, -0.07187001
204.946, -0.07187001
205.4375, -0.07049
205.9212, -0.0706
206.4101, -0.07058001
206.9445, -0.06919
207.4319, -0.06958
207.9696, -0.06841001
208.4576, -0.0685
208.944, -0.06769001
209.4362, -0.06746
209.967, -0.06747001
210.5054, -0.06621
210.9435, -0.06632
211.4309, -0.06474
211.9676, -0.06501
212.4538, -0.0646
212.9445, -0.06355
213.5283, -0.06277
214.0164, -0.06262
214.4559, -0.06255
214.9901, -0.06155
215.4759, -0.06157
216.062, -0.05964
216.5501, -0.06063
217.0376, -0.06033
217.4758, -0.05921
217.9624, -0.05931
218.5002, -0.05812
218.9875, -0.0583
219.4775, -0.0574
220.0112, -0.05733
220.4978, -0.05718
221.086, -0.05627
221.5226, -0.05634
222.0588, -0.05522
222.4977, -0.05553
223.5215, -0.05419
224.0105, -0.05322
224.4978, -0.05256001
225.0794, -0.05257
225.568, -0.05152
226.0558, -0.05146
226.5925, -0.05038
227.0343, -0.05061
227.5665, 0
228.0065, 0
228.5921, -0.049907
229.129, -0.048077
229.5175, -0.048077
230.1517, -0.047052
230.5912, -0.047052
231.0299, -0.045716
231.6146, -0.044229
232.0541, -0.044229
232.5408, -0.043299
233.0276, -0.043299
233.5633, -0.042363
234.0514, -0.040181
234.6365, -0.040181
235.0747, -0.038862
235.5605, -0.037583
236.0511, -0.037583
236.5885, -0.035518
237.0716, -0.035518
237.5616, -0.034284
238.148, -0.033101
238.5859, -0.033101
239.0718, -0.031193
240.0958, -0.029246
240.586, -0.026724
241.0696, -0.026724
241.6089, -0.025921
242.0961, -0.023511
242.634, -0.023511
243.1203, -0.022096
243.6068, -0.022096
244.0915, -0.020628
245.1174, -0.018011
245.6053, -0.016613
246.0918, -0.015219
246.6309, -0.015219
247.1651, -0.012881
247.6043, -0.012881
248.6277, -0.009696
249.1157, -0.009696
249.6506, -0.007844
250.1377, -0.007844
250.629, -0.005838
251.1157, -0.004424
251.6504, -0.004424
252.1376, -0.002776
252.6235, -0.000168
253.161, -0.000168
253.6971, 0.002078
254.1365, 0.002078
254.625, 0.002652
255.1613, 0.004752
255.65, 0.004752
256.1376, 0.00618
256.672, 0.00618
257.2076, 0.007504
257.6476, 0.009545
258.2823, 0.009545
258.6701, 0.01135
259.2059, 0.012692
259.6944, 0.012692
260.1815, 0.0142
260.6712, 0.0142
261.1578, 0.016148
261.6913, 0.017421
262.1824, 0.017421
262.6698, 0.018704
263.2527, 0.021005
263.6911, 0.021005
264.2268, 0.022309
264.6684, 0.022309
265.2022, 0.024119
265.6887, 0.025249
266.1776, 0.025249
266.7157, 0.026681
267.2036, 0.026681
267.786, 0.027862
268.2749, 0.029409
268.715, 0.029409
269.201, 0.031061
269.6886, 0.03215
270.2242, 0.03215
270.7123, 0.033334
271.7348, 0.035044
272.2222, 0.036006
272.7121, 0.036006
273.2459, 0.03695
273.7365, 0.038567
274.2205, 0.038567
274.757, 0.039526
275.2445, 0.039526
275.7331, 0.040372
276.7588, 0.041524
277.2927, 0.042598
277.7802, 0.042598
278.267, 0.043724
278.7575, 0.044224
279.2429, 0.044224
280.2663, 0.04612
280.803, 0.04612
281.2415, 0.046826
281.7777, 0.046826
282.2654, 0.048137
282.7542, 0.048852
283.2886, 0.048852
283.7763, 0.049551
284.2625, 0.049551
284.8018, 0.05044
285.2875, 0.051175
285.7748, 0.051175
286.3109, 0.0517
286.7986, 0.052403
287.2856, 0.052403
288.3126, 0.053281
288.7997, 0.05376801
289.2852, 0.054211
289.8194, 0.054211
290.3595, 0.05494
290.7957, 0
291.3842, 0
291.8207, 0.05618
292.3091, 0.05624
293.3339, 0.05706
293.8196, 0.05691
294.3068, 0.05784
294.8428, 0.05768
295.3303, 0.05814
295.8186, 0.05816
296.3537, 0.05815
296.8415, 0.05872
297.3277, 0.05855
297.8658, 0.05919
298.4012, 0.05907
298.8396, 0.05908
299.3776, 0.05978
299.8641, 0.05989
300.3538, 0.05996
300.8905, 0.05995001
301.3769, 0.06033
301.9138, 0.0601
302.3519, 0.06051
302.8396, 0.06018
303.3763, 0.06026
303.8596, 0.06072
304.8875, 0.06048
305.4216, 0.06040001
305.8603, 0.06062
306.3977, 0.0601
306.8853, 0.06012
307.3715, 0.06033
307.9071, 0.05969
308.3949, 0.05988
308.9321, 0.05937
309.3716, 0.05965
309.908, 0.0595
310.3954, 0.05968
310.882, 0.05896
311.4185, 0.05895
311.9048, 0.05904
312.3918, 0.05825
312.9291, 0.0581
313.4166, 0.05753
313.9064, 0.05774
314.4409, 0.05736
314.9299, 0.05703
315.4636, 0.05653
315.9028, 0.05643
316.4411, 0.05662
316.9268, 0.0557
317.4611, 0.05567
317.9503, 0.05579
318.4376, 0.05501
318.9271, 0.05493
319.9491, 0.05483
320.4371, 0.05406
320.9242, 0.05412
321.4583, 0.05326
321.9483, 0.05335
322.4354, 0.05353
322.971, 0.05282
323.5071, 0.05297
323.9938, 0.05244
324.4825, 0.05264
324.9698, 0.05222001
325.4591, 0.05206
326.4794, 0.05185
327.066, 0.05221
327.4566, 0.05163001
328.0416, 0.05169
328.4816, 0.05189
329.0176, 0.05162
329.5545, 0.05138
330.0909, 0.05103
330.4792, 0.05144
331.6971, 0.05146
331.9909, 0.05121
332.4781, 0.05113
333.0638, 0.05166
333.5014, 0.05143
334.0369, 0.05165
335.0615, 0.05167
335.5496, 0.05168
335.9883, 0.05161
336.5266, 0.05187
337.0125, 0.05184
337.499, 0.05228
338.0359, 0.05199
338.5224, 0.05192
339.0598, 0.05225
339.5467, 0.05214
340.0318, 0.05215
340.524, 0.05204
341.0577, 0.05235
341.5451, 0.05214
342.0313, 0.05261
342.5204, 0.05261
343.0573, 0.0526
343.5443, 0.05307
344.0325, 0.053
344.5673, 0.05318
345.055, 0.05303
345.5453, 0.05324
346.6184, 0.05305
347.1028, 0.05307
347.5411, 0.05309
348.1266, 0.05334
348.565, 0.05313
349.0528, 0.05314
349.5891, 0.05337
350.0765, 0.05325
350.5663, 0.05332
351.099, 0.05331
351.5896, 0.05357
352.0756, 0.05349001
352.5635, 0.05365
353.0991, 0.05365
353.636, 0.05365
354.1255, 0.05394
354.6098, 0.05404
355.0973, 0.05428
355.5874, 0.05425
356.6082, 0.05426
357.0986, 0.05434
357.5842, 0.05222001
358.1226, 0.05222001
358.6077, 0.0526
359.095, 0.0526
359.6316, 0.05259
360.1191, 0.05325
360.6081, 0.05335
361.6298, 0.05385
362.1192, 0.05429
362.6038, 0.05461
363.1409, 0.05501
363.6286, 0.05517
364.1172, 0.05527
364.7034, 0.05593
365.1405, 0.0561
365.6268, 0.05688
366.1647, 0.05677
366.6538, 0.05714
367.1888, 0.05786
367.6278, 0.05788
368.1651, 0.05904
368.6505, 0.05896
369.1866, 0.05972001
369.675, 0.05988
370.1624, 0.05988
370.6509, 0.06071
371.2332, 0.06121
371.6731, 0.06203
372.1624, 0.06212
372.6992, 0.06259
373.1857, 0.06324001
373.672, 0.06395
374.158, 0.06416
374.6978, 0.06416
375.1829, 0.06504001
375.7193, 0.06503
376.2061, 0.06613
376.6943, 0.06605001
377.184, 0.0671
377.7165, 0.06737
378.2076, 0.06735
378.7409, 0.06841001
379.718, 0.06927
380.2047, 0.06942
380.6917, 0.06958
381.2275, 0.07008
381.715, 0.07059
382.205, 0.07103001
382.7386, 0.0712
383.2281, 0.07152
383.7138, 0.07178
384.2018, 0.07219001
384.7369, 0.07211
385.2258, 0.07219001
385.7139, 0.07274
386.2972, 0.07265001
386.7373, 0.07326001
387.2221, 0.07315
387.7606, 0.07368001
388.248, 0.07381
388.7383, 0.07395
389.221, 0.07426
389.7606, 0.07434
390.2462, 0.07481
390.7351, 0.07462001
391.271, 0.07488
391.7587, 0.07494
392.2471, 0.07504001
392.7817, 0.07479
393.2705, 0.07478
393.7556, 0.07491001
394.7825, 0.0751
395.2688, 0.07498001
395.7557, 0.07524
396.2925, 0.075
396.7787, 0.07497001
397.2664, 0.07513
397.8031, 0.07492
398.2919, 0.07508001
398.7766, 0.07490001
399.3165, 0.07501001
399.8503, 0.07503
400.2876, 0.07509
400.8275, 0.07479
401.3109, 0.07481
401.799, 0.07513
402.2893, 0.07486001
402.9697, 0.07506
403.3139, 0.07489
403.8015, 0.07503
404.3377, 0.07494
404.8253, 0.07478
405.3583, 0.07457
405.8488, 0.07458001
406.3808, 0.07452
406.822, 0.07444
407.3071, 0.07442001
407.8456, 0.07456
408.3346, 0.07462001
408.8227, 0.07468
409.3568, 0.07467
409.8923, 0.07467
410.334, 0.07468
410.87, 0.07467
411.3571, 0.07427
411.8931, 0.07434
412.3336, 0.07423001
412.8668, 0.07412001
413.4031, 0.07456
413.89, 0.07457
414.3803, 0.07457
414.9143, 0.07487001
415.4013, 0.07469001
415.9382, 0.07477
416.4247, 0.07476
416.8638, 0.07475001
417.3984, 0.07495
417.937, 0.07497001
418.3737, 0.07541001
418.8629, 0.07573
419.399, 0.07641001
419.886, 0.07656
420.3766, 0.07664
420.9137, 0.07702
421.3993, 0.0772
421.885, 0.07746001
422.4712, 0.07761
422.9097, 0.07805001
423.3966, 0.07871
423.8866, 0.07973
424.42, 0.08005001
424.9071, 0.08011001
425.4445, 0.08115
425.9312, 0.08115
426.4218, 0.08237001
426.9538, 0.08236001
427.4446, 0.08357
427.9301, 0.08379
428.4189, 0.08369001
428.9539, 0.08523001
429.4417, 0.08529001
429.9267, 0.08659
430.4142, 0.08661
430.9503, 0.08686
431.4379, 0.08800001
431.9263, 0.08829001
432.4644, 0.08884
432.9507, 0.08893
433.4393, 0.09010001
433.976, 0.09075
434.5122, 0.09241001
434.952, 0.09259
435.4362, 0.09283001
435.9742, 0.09442
436.464, 0.09441001
436.9484, 0.09604
437.4875, 0.09606
437.9743, 0.09690001
438.4606, 0.09754001
438.9966, 0.09763
439.5346, 0.09916001
439.9717, 0.09969001
440.5083, 0.10069
440.9951, 0.10056
441.5309, 0.10105
442.5057, 0.10301
442.9947, 0.10374
443.5302, 0.10381
444.018, 0.10487
444.6039, 0.10512
445.0418, 0.10661
446.0656, 0.10697
446.507, 0.10795
446.9914, 0.10793
447.5776, 0.109
448.0646, 0.10892
448.5034, 0.10966
449.0379, 0.10992
449.5276, 0.10991
450.0132, 0.11088
450.5513, 0.11095
451.037, 0.11173
451.528, 0.11172
452.0135, 0.11211
452.5512, 0.11237
453.0368, 0.11302
453.5245, 0.11308
454.1071, 0.11318
454.5478, 0.11382
455.0351, 0.11384
455.5713, 0.11467
456.0601, 0.11455
456.5482, 0.11486
457.083, 0.11515
457.5697, 0.11515
458.056, 0.11571
458.5452, 0.11569
459.0821, 0.11611
459.5701, 0.1161
460.0562, 0.11609
460.5917, 0.11672
461.0799, 0.11687
461.5676, 0.11733
462.6402, 0.1176
463.1276, 0.11781
463.5666, 0.118
464.152, 0.11823
464.5913, 0.11822
465.0765, 0.11908
465.6147, 0.11889
466.1016, 0.1194
466.6381, 0.11942
467.1254, 0.11951
467.6139, 0.11978
468.1001, 0.11976
468.6386, 0.12031
469.1261, 0.12032
469.6119, 0.12118
470.1473, 0.1214
470.6407, 0.12141
471.123, 0.12205
471.6121, 0.12225
472.1476, 0.12274
472.6344, 0.12261
473.1241, 0.12296
473.658, 0.12341
474.1479, 0.12418
474.6331, 0.12453
475.1214, 0.12455
475.6568, 0.12554
476.1445, 0.12555
476.634, 0.12645
477.1684, 0.12646
477.655, 0.12703
478.1918, 0.12741
478.7768, 0.12749
479.1669, 0.1284
479.6555, 0.1284
480.1416, 0.12936
480.7283, 0.12957
481.1663, 0.12958
481.6571, 0.13042
482.1894, 0.13075
482.6786, 0.13134
483.1631, 0.13135
483.7027, 0.13182
484.1881, 0.13206
484.6771, 0.13267
485.1645, 0.13279
485.8478, 0.13288
486.2343, 0.13364
486.6753, 0.13363
487.2101, 0.13417
487.6963, 0.13405
488.1882, 0.13422
488.7693, 0.13441
489.2107, 0.13442
489.6991, 0.13462
490.2365, 0.13461
490.7227, 0.1349
491.2592, 0.13478
492.2297, 0.13507
492.7196, 0.13525
493.2069, 0.13513
493.7426, 0.13525
494.2329, 0.13515
494.7204, 0.13523
495.744, 0.13528
496.2294, 0.13537
497.2531, 0.13526
497.7898, 0.13513
498.2262, 0.13515
498.7648, 0.13521
499.3015, 0.13521
499.7413, 0.13515
500.2753, 0.13505
500.8113, 0.13507
501.2516, 0.13478
502.3251, 0.13465
502.7597, 0.13446
503.2509, 0.13446
503.7842, 0.13445
504.2746, 0.13434
504.81, 0.13431
505.2986, 0.1342
505.7867, 0.13374
506.2714, 0.13382
506.7572, 0.13374
507.3451, 0.13338
507.7837, 0.13331
508.2727, 0.13298
508.8069, 0.13298
509.2978, 0.13287
509.7856, 0.13257
510.3203, 0.13256
510.8079, 0.13195
511.3445, 0.13197
511.7794, 0.13133
512.368, 0.1314
512.805, 0.13125
513.2898, 0.13101
513.8792, 0.13071
514.313, 0.1304
514.8055, 0.13041
515.3399, 0.1296
515.827, 0.1296
516.3163, 0.12885
516.8028, 0.12891
517.3381, 0.12891
517.8265, 0.1283
518.3126, 0.12828
518.8488, 0.12747
519.3387, 0.12736
519.8264, 0.12678
520.4106, 0.12661
520.8966, 0.12662
521.3365, 0.12567
521.8232, 0.12568
522.358, 0.12507
522.8458, 0.12507
523.3352, 0.1248
523.8695, 0.12432
524.358, 0.12405
524.8475, 0.12365
525.3821, 0.12375
525.8707, 0.12311
526.3586, 0.12298
526.8449, 0.1229
527.3821, 0.1229
527.8667, 0.12276
528.407, 0.12258
528.8914, 0.12277
529.3793, 0.12232
529.8693, 0.12238
530.4026, 0.12226
530.8932, 0.12194
531.3802, 0.122
531.9126, 0.12165
532.4487, 0.12163
532.9387, 0.12154
533.3773, 0.12155
533.9608, 0.12173
534.4509, 0.1217
534.886, 0.12161
535.424, 0.12161
535.9112, 0.12161
536.3989, 0.12142
536.9376, 0.12134
537.4212, 0.1212
537.912, 0.1213
538.3977, 0.12152
538.9347, 0.12164
539.422, 0.12177
539.9081, 0.12193
540.496, 0.12191
540.9325, 0.12202
541.4229, 0.12214
541.9584, 0.12206
542.448, 0.12225
542.9323, 0.1224
543.4706, 0.1223
544.007, 0.12221
544.4441, 0.12233
544.9335, 0.12236
545.4675, 0.12236
545.9546, 0.12245
546.4442, 0.12238
547.4678, 0.12238
547.9547, 0.12222
548.4403, 0.12223
549.0265, 0.12237
549.5132, 0.12229
549.9528, 0.12228
550.4882, 0.12209
550.9755, 0.12209
551.4628, 0.12179
551.9998, 0.1218
552.4874, 0.12158
552.9741, 0.12151
553.5098, 0.12124
553.996, 0.12091
554.5338, 0.12093
554.9727, 0.12065
555.5565, 0.12052
555.9969, 0.12001
556.4872, 0.11983
557.0203, 0.11977
557.5593, 0.11897
557.9957, 0.11907
558.5298, 0.1179
559.0175, 0.11792
559.5576, 0.11745
559.9948, 0.11698
560.5818, 0.11705
561.017, 0.11662
561.5078, 0.11662
562.0413, 0.11583
562.5302, 0.11577
563.0181, 0.11539
563.5551, 0.11459
564.0463, 0.11367
564.529, 0.11342
565.0159, 0.11339
565.5515, 0.1129
566.0391, 0.11253
566.5289, 0.11164
567.0625, 0.11153
567.5524, 0.11141
568.0361, 0.1104
568.5784, 0.11031
569.0599, 0.1089
569.6005, 0.10882
570.6235, 0.10784
571.0601, 0.10794
571.5493, 0.1071
572.0825, 0.10702
572.6214, 0.10588
573.0596, 0.1059
573.5958, 0.10528
574.0822, 0.10415
574.5713, 0.10349
575.1086, 0.10297
575.5959, 0.10308
576.0807, 0.10238
576.5679, 0.10176
577.1041, 0.10084
577.5923, 0.10075
578.0787, 0.10042
578.6149, 0.09913
579.1511, 0.09899
579.5956, 0.09758001
580.1266, 0.09741001
580.6666, 0.09661
581.1026, 0.09622001
581.5922, 0.09615
582.1265, 0.09466001
582.6145, 0.09428
583.101, 0.09287
583.6403, 0.09295
584.2237, 0.09231
584.6639, 0.09136
585.199, 0.09035
585.6373, 0.08982
586.1245, 0.08980001
586.6135, 0.08849
587.1487, 0.08819
587.6368, 0.08697001
588.1212, 0.08706
588.7089, 0.08668
589.1462, 0.08588
589.6346, 0.08492
590.2175, 0.0847
590.6607, 0.08468001
591.1458, 0.08361001
592.1696, 0.08333001
592.6576, 0.08211
593.6829, 0.08101001
594.1666, 0.08099
594.6578, 0.08051001
595.1919, 0.08017001
595.6816, 0.07965001
596.167, 0.07973
596.7053, 0.07965001
597.1895, 0.07949
597.6777, 0.07942
598.7029, 0.07965001
599.1897, 0.07958001
599.6771, 0.07978
600.2127, 0.07975
600.7026, 0.07988
601.1864, 0.07987001
601.7267, 0.08009
602.2113, 0.08009
602.7506, 0.08008
603.2372, 0.08016001
603.7243, 0
604.2101, 0
604.7004, 0
605.2342, 0.05249
605.724, 0.05902
606.2574, 0.05893
606.7478, 0.05897
607.2327, 0.05897
607.7198, 0.05932
608.2568, 0.05933001
608.7448, 0.05878
609.2317, 0.05896
609.7197, 0.05834
610.2579, 0.05814
610.7453, 0.05816
611.231, 0.05739
611.769, 0.05738
612.3035, 0.05667
612.7431, 0.05681
613.7667, 0.05585
614.2519, 0.05583001
614.7429, 0.05481
615.3265, 0.05478
615.7654, 0.05426
616.3484, 0.05415
616.7906, 0.05416
617.2758, 0.05418
617.7635, 0.05405
618.346, 0.05365
618.7867, 0.05363
619.3231, 0.05357
619.7599, 0.0524
620.3005, 0.05233001
620.7881, 0.05172
621.3246, 0.05174001
621.8116, 0.05140001
622.2968, 0.05145
622.8826, 0.05096
623.3717, 0.05071
623.8083, 0.05065
624.2955, 0
624.8322, 0
625.3681, 0.04773
625.8088, 0.048613
626.2952, 0.048613
626.8798, 0.048439
627.3203, 0.048358
627.8067, 0.048358
628.3443, 0.04819901
628.8292, 0.04819901
629.3197, 0.047991
630.3405, 0.047781
630.8304, 0.047568
631.3156, 0.047568
631.8545, 0.047828
632.3405, 0.048047
632.8273, 0.048047
633.3628, 0.048603
633.8517, 0.048873
634.3889, 0.048873
635.3616, 0.048988
635.8499, 0.049272
636.3885, 0.049859
636.8762, 0.049859
637.3608, 0.050338
637.8469, 0.051197
638.3847, 0.051197
638.9225, 0.052152
639.358, 0.052152
639.8961, 0.052633
640.3835, 0.05316
640.919, 0.05316
641.8928, 0.05391501
642.3809, 0.05437
643.4054, 0.054991
643.893, 0
644.3818, 0.07086001
644.9179, 0.05778
645.4048, 0.05858
645.8944, 0.05881
646.4787, 0.05883
646.9182, 0.05949
647.4058, 0.05938
647.8904, 0.05922
648.4287, 0.06009
648.9149, 0.06018
649.4016, 0.06162
650.0359, 0.06153
650.4254, 0.06182
650.9161, 0.06264
651.449, 0.06329001
651.937, 0.06365
652.4269, 0.06363001
652.9129, 0.0646
653.4504, 0.06471
653.9349, 0.066
655.0084, 0.06606
655.4472, 0.06753
655.9368, 0.06769001
656.469, 0.06884
656.9562, 0.06866001
657.446, 0.06918
658.5173, 0.06947
659.0065, 0.07024
659.4956, 0.07016001
660.0292, 0.07108001
660.5191, 0.07090001
660.9554, 0.07092
661.4922, 0.07175
661.9782, 0.07186
662.567, 0.07244001
663.0034, 0.07218
663.5393, 0.07242
664.025, 0.07274
664.4659, 0.07314
665.0029, 0.07351001
665.49, 0.07340001
665.9752, 0.07404
666.5115, 0.07434
667.0009, 0.07497001
667.4901, 0.07506
668.0254, 0.07506
668.5115, 0.0757
668.9991, 0.07581
669.636, 0.07618
670.0237, 0.07627
670.5109, 0.07606
670.9977, 0.07600001
671.5345, 0.07593001
672.0707, 0.07674
672.5118, 0.07673001
673.093, 0.07735001
673.5356, 0.07821
674.0209, 0.07827
674.5594, 0.07949
675.0448, 0.0796
675.5809, 0.08009
676.0197, 0.08026001
676.6544, 0.08039001
677.0436, 0.0808
677.5294, 0.0808
678.1162, 0.08175001
678.5571, 0.08168001
679.0909, 0.08217
679.6277, 0.08308001
680.066, 0.08353
680.6044, 0.08422001
681.0409, 0.08421
681.5775, 0.08472001
682.0649, 0.08504
682.602, 0.08591001
683.0889, 0.08621
683.5762, 0.08630001
684.0635, 0.08794001
684.6025, 0.0881
685.0872, 0.08992
685.5728, 0.08990001
686.113, 0.09037001
686.5967, 0.0917
687.0855, 0.09168001
688.1585, 0.09342
688.5984, 0.09469001
689.0846, 0.09544001
689.6221, 0.09536
690.1071, 0.09698001
690.5972, 0.09805001
691.1354, 0.09919
691.6198, 0.09931
692.1082, 0.09980001
692.5972, 0.10144
693.1309, 0.10226
693.6682, 0.1036
694.1542, 0.10347
694.6446, 0.10449
695.1314, 0.10541
695.6179, 0.10677
696.152, 0.10756
696.6422, 0.10755
697.1285, 0.10925
697.616, 0.10961
698.1522, 0.10973
698.642, 0.11119
699.1766, 0.11156
699.7141, 0.11278
700.1982, 0.11285
700.6407, 0.11376
701.2241, 0.11492
701.6646, 0.11609
702.1501, 0.11693
702.6368, 0.11707
703.174, 0.11795
703.661, 0.11869
704.1974, 0.11946
704.6844, 0.1196
705.1747, 0.11976
705.6617, 0.1208
706.1976, 0.12129
706.6853, 0.12267
707.1716, 0.12274
707.705, 0.12326
708.1931, 0.12426
708.6819, 0.12416
709.1688, 0.12555
709.7056, 0.12555
710.1952, 0.12723
710.6832, 0.1272
711.2194, 0.12719
711.705, 0.12889
712.19, 0.12912
712.729, 0.13042
713.2162, 0.13058
713.7548, 0.13085
714.2392, 0.1319
714.7272, 0.13252
715.216, 0.13334
715.7039, 0.13333
716.2408, 0.13447
716.7281, 0.13509
717.213, 0.13713
717.7485, 0.13676
718.2373, 0.13688
718.7234, 0.13849
719.2123, 0.13864
719.7463, 0.14084
720.2842, 0.14065
720.723, 0.1417
721.2621, 0.14313
721.7484, 0.14315
722.3802, 0.14509
722.7707, 0.14497
723.2584, 0.14673
723.7442, 0.1467
724.7684, 0.14849
725.2576, 0.14855
726.3292, 0.1505
726.7665, 0.15069
727.2546, 0.1522
727.8406, 0.15283
728.3762, 0.15384
728.7667, 0.15385
729.3044, 0.15528
729.8412, 0.15561
730.2795, 0.15682
730.7652, 0.15725
731.3026, 0.15735
731.8378, 0.15872
732.2761, 0.15885
732.8632, 0.16022
733.351, 0.16031
733.7886, 0.16058
734.3762, 0.16175
734.8116, 0.16169
735.302, 0.16293
735.8362, 0.16295
736.3239, 0.16364
736.957, 0.16388
737.837, 0.16476
738.3705, 0.16467
738.9088, 0.16548
739.3481, 0.16547
739.833, 0.16558
740.321, 0.16648
741.3475, 0.16728
741.8326, 0.16726
742.322, 0.16774
742.8585, 0.16795
743.3416, 0.16821
743.8822, 0.16854
744.3676, 0.16844
744.8566, 0.16874
745.3899, 0.16901
745.8796, 0.16928
746.3669, 0.16935
746.856, 0.16945
747.3423, 0.17001
747.8792, 0.17001
748.3668, 0.17083
748.8522, 0.17089
749.3908, 0.17112
749.8752, 0.1714
750.3637, 0.17148
750.8994, 0.1715
751.3877, 0.1718
751.8728, 0.17186
752.9001, 0.17208
753.4344, 0.17243
753.8741, 0.17245
754.4078, 0.17285
754.8957, 0.17291
755.3849, 0.17284
755.9683, 0.17313
756.4087, 0.17323
756.8962, 0.17352
757.9697, 0.17377
758.4091, 0.174
758.946, 0.17392
759.4311, 0.17432
759.9161, 0.17432
760.4066, 0.17425
760.9418, 0.1744
761.4275, 0.17407
761.9189, 0.17407
762.4547, 0.17373
762.9905, 0.17384
763.4296, 0.174
763.9666, 0.17369
764.4525, 0.17396
764.9399, 0.17357
765.4275, 0.17373
765.9637, 0.17362
766.5488, 0.17291
766.9365, 0.17273
767.5731, 0.17258
767.9602, 0.17272
768.4493, 0.17228
768.936, 0.17246
769.5226, 0.17245
769.9612, 0.17205
771.0342, 0.17134
771.4724, 0.17145
771.96, 0.17143
772.5471, 0.17049
772.9836, 0.17036
773.4732, 0.1693
774.1044, 0.16954
774.4938, 0.16888
774.9832, 0.16872
775.4695, 0.16821
776.0065, 0.16796
776.4932, 0.16798
776.98, 0.16725
777.5173, 0.16727
778.0056, 0.16623
778.4915, 0.16621
779.0789, 0.16627
779.5645, 0.16503
780.0036, 0.1651
781.026, 0.16404
781.5151, 0.16346
782.0027, 0.16272
782.539, 0.16282
783.0251, 0.16145
783.5155, 0.16145
784.0507, 0.16038
784.5395, 0.15993
785.0273, 0.15992
785.5125, 0.15845
786.0953, 0.15846
786.5875, 0.15678
787.0235, 0.15725
787.5627, 0.15705
788.0473, 0.15591
788.5374, 0.15536
789.0714, 0.15438
789.5606, 0.15446
790.0459, 0.15369
790.5838, 0.15288
791.0696, 0.15213
791.5571, 0.15163
792.5808, 0.15062
793.0704, 0.15024
793.5564, 0.14876
794.1406, 0.149
794.5814, 0.14885
795.067, 0.14764
796.0941, 0.14649
796.5781, 0.14656
797.0654, 0.14599
797.602, 0.1456
798.0889, 0.14553
798.5792, 0.14459
799.1116, 0.1446
799.6025, 0.14381
800.0873, 0.1438
800.625, 0.14379
801.1146, 0.14307
801.6, 0.1431
802.6722, 0.14261
803.1623, 0.14245
804.1345, 0.14176
804.672, 0.14185
805.1594, 0.14169
805.6448, 0.14168
806.136, 0.14168
806.6224, 0.14145
807.6917, 0.14125
808.1812, 0.14095
808.6183, 0.14096
809.1564, 0.14048
809.6437, 0.14061
810.1294, 0.1405
810.6669, 0.14034
811.1574, 0.14034
811.6437, 0.14012
812.1814, 0.13992
812.667, 0.13955
813.1538, 0.13956
813.6429, 0.13957
814.1774, 0.13897
814.6674, 0.13895
815.1518, 0.13834
815.6898, 0.13836
816.1758, 0.13819
816.7135, 0.13782
817.2012, 0.13752
817.7385, 0.13728
818.1744, 0.13729
819.2974, 0.1366
819.6861, 0.136
820.1754, 0.13587
820.7606, 0.13585
821.1996, 0.13521
821.6843, 0.13507
822.27, 0.13499
822.7108, 0.13432
823.1968, 0.13397
823.7816, 0.13336
824.2208, 0.13336
824.7081, 0.13304
825.1974, 0.13266
825.7313, 0.13244
826.2209, 0.13217
826.7083, 0.13216
827.242, 0.13187
827.7807, 0.13183
828.2159, 0.13148
828.7568, 0.13146
829.242, 0.13144
829.7272, 0.13118
830.7529, 0.13104
831.2414, 0.13112
831.7299, 0.13106
832.3108, 0.13106
832.7535, 0.13107
833.2897, 0.13112
833.7767, 0.13109
834.2625, 0.1311
834.7498, 0.13133
835.2393, 0.13127
835.7739, 0.1317
836.2592, 0.13169
836.7509, 0.13202
837.2875, 0.13202
837.774, 0.13201
838.2587, 0.13217
839.3303, 0.13233
839.7717, 0.1324
840.2589, 0.13246
840.8437, 0.13272
841.3801, 0.13291
841.7721, 0.13298
842.3087, 0.13304
842.7961, 0.13292
843.283, 0.13307
843.8196, 0.13294
844.3056, 0.13307
844.7911, 0.13291
845.2821, 0.13323
845.8168, 0.1331
846.3022, 0.13332
846.7938, 0.1333
847.3282, 0.13328
847.8174, 0.13329
848.3047, 0.1333
848.8396, 0.13349
849.3776, 0.13338
849.814, 0.13364
850.3504, 0.13381
850.8383, 0.13379
851.3275, 0.13406
851.8145, 0.13388
852.3488, 0.1343
852.8353, 0.13428
853.326, 0.13418
853.8624, 0.13466
854.3496, 0.13494
854.8354, 0.13548
855.3736, 0.13546
855.8588, 0.1361
856.3463, 0.13654
856.8359, 0.13692
857.3695, 0.13708
857.8596, 0.13698
858.3451, 0.13758
858.8835, 0.13757
859.3687, 0.13838
859.8564, 0.13846
860.3947, 0.13889
860.8799, 0.13967
861.3674, 0.13974
861.8538, 0.14034
862.3906, 0.14083
862.8806, 0.14132
863.3683, 0.14156
863.9012, 0.14164
864.3897, 0.14296
864.9244, 0.14326
865.4616, 0.14462
865.9008, 0.14461
866.3882, 0.14498
866.925, 0.14597
867.412, 0.1466
867.9486, 0.14718
868.3896, 0.14724
868.9275, 0.14803
869.459, 0.14877
869.9955, 0.15023
870.4835, 0.15035
870.9203, 0.15024
871.4109, 0.15145
871.8964, 0.15147
872.4842, 0.1516
872.9681, 0.15293
873.9469, 0.15423
874.4302, 0.15424
874.9669, 0.15487
875.4584, 0.1556
876.0411, 0.15649
876.4313, 0.15671
877.4543, 0.15759
877.9918, 0.1579
878.4321, 0.15879
879.0635, 0.15879
879.4557, 0.15901
879.9896, 0.15983
880.4804, 0.16013
881.0135, 0.16055
881.5028, 0.16062
882.4758, 0.16155
882.963, 0.16154
883.4535, 0.16227
883.9869, 0.16228
884.4774, 0.16297
884.962, 0.16307
885.5004, 0.16318
886.0342, 0.1639
886.4734, 0.164
887.0095, 0.1646
887.5445, 0.16461
887.9847, 0.1648
888.474, 0.16513
889.0073, 0.16546
889.5001, 0.16567
889.9866, 0.16569
890.5225, 0.16618
891.0076, 0.16646
891.495, 0.16672
892.0309, 0.16682
892.5189, 0.1668
893.0058, 0.16708
893.5427, 0.16714
894.0303, 0.16772
894.5176, 0.16778
895.0532, 0.16799
895.5429, 0.16831
896.027, 0.16829
896.5151, 0.1686
897.053, 0.16861
897.5381, 0.16883
898.0261, 0.16902
899.0507, 0.16974
899.5409, 0.16973
900.0257, 0.17033
900.563, 0.1703
901.0487, 0.17023
901.538, 0.17043
902.073, 0.1611
902.5618, 0.16595
903.0488, 0.16597
903.5867, 0.16599
904.12, 0.16627
904.5627, 0.16652
905.0471, 0.16665
905.584, 0.16658
906.0708, 0.16683
906.5575, 0.16696
907.0974, 0.16709
907.5812, 0.1671
908.1168, 0.16696
908.6064, 0.16744
909.0937, 0.1673
909.6813, 0.16787
910.0688, 0.16804
910.6036, 0.16815
911.0937, 0.16841
911.678, 0.16827
912.1164, 0.16892
912.604, 0.16902
913.0902, 0.17034
914.1646, 0.17104
914.6049, 0.1723
915.1885, 0.17275
915.6776, 0.17364
916.1153, 0.17365
916.6036, 0.1742
917.1397, 0.17467
917.6255, 0.17533
918.1108, 0.17546
918.6471, 0.17545
919.1364, 0.17664
919.6265, 0.1767
920.1132, 0.17803
920.6471, 0.17805
921.1377, 0.17823
921.624, 0.17905
922.157, 0.17905
922.6478, 0.17973
923.1342, 0.17989
923.6718, 0.18027
924.1569, 0.18058
924.645, 0.18056
925.1304, 0.18106
925.6689, 0.18125
926.1549, 0.18147
926.6926, 0.18156
927.227, 0.18145
927.6691, 0.18162
928.1563, 0.18142
928.6938, 0.18144
929.1783, 0.18151
929.7151, 0.18133
930.2028, 0.18144
930.6896, 0.18142
931.2261, 0.18141
932.201, 0.18141
932.689, 0.18141
933.1782, 0.18142
933.7614, 0.18142
934.1991, 0.18155
934.6879, 0.18172
935.2236, 0.18172
935.7118, 0.18216
936.1984, 0.18235
936.6886, 0.18317
937.2693, 0.18328
937.711, 0.18322
938.1979, 0.1845
938.7363, 0.18471
939.269, 0.1867
939.7599, 0.1867
940.2449, 0.18692
940.7327, 0.18853
941.2202, 0.18881
942.389, 0.18968
942.7808, 0.19058
943.2684, 0.19121
943.7557, 0.19208
944.2909, 0.19271
944.7288, 0.1927
945.2661, 0.19346
945.7543, 0.19373
946.2917, 0.19372
946.7297, 0.19591
947.267, 0.19627
947.755, 0.19817
948.2874, 0.19816
948.7793, 0.19888
949.2629, 0.20015
949.8022, 0.2013
950.3847, 0.2028
950.7746, 0.20281
951.2607, 0.20456
951.7488, 0.20564
952.286, 0.20821
952.774, 0.20846
953.3124, 0.20839
953.8472, 0.21092
954.2851, 0.21118
954.8239, 0.21314
955.3094, 0.21314
955.7964, 0.21378
956.283, 0.21469
957.307, 0.21566
957.7975, 0.21575
958.8212, 0.21634
959.3534, 0.21636
959.794, 0.21704
960.4749, 0.21701
960.8177, 0.2173
961.3052, 0.21738
961.8925, 0.2173
962.3283, 0.21754
962.8163, 0.2173
963.3062, 0.21727
963.8392, 0.21719
964.3278, 0.21719
964.8644, 0.21725
965.351, 0.21726
965.8386, 0.21747
966.3272, 0.21738
966.8622, 0.21735
967.3481, 0.21746
967.8875, 0.2172
968.3253, 0.21728
968.8619, 0.21712
969.3469, 0.21713
969.8371, 0.21714
970.3726, 0.21726
970.8597, 0.21733
971.3571, 0.21734
971.8835, 0.21753
972.3721, 0.21751
972.8575, 0.21756
973.3444, 0.21748
973.885, 0.21748
974.3697, 0.21758
974.8574, 0.2176
975.3958, 0.21789
975.93, 0.21788
976.3696, 0.21831
977.3926, 0.21831
977.8807, 0.21857
978.3672, 0.21865
978.9056, 0.21893
979.4407, 0.21891
979.9291, 0.219
980.4154, 0.21909
980.9032, 0.21957
981.3897, 0.21958
981.9756, 0.21958
982.4632, 0.21986
982.9503, 0.21999
983.9249, 0.22072
984.4614, 0.22093
984.9041, 0.22112
985.437, 0.22113
986.0219, 0.22185
986.41, 0.22198
986.9959, 0.22244
987.4845, 0.22281
987.9247, 0.22281
988.4598, 0.2235
988.9465, 0.22367
989.4353, 0.22439
989.9697, 0.22452
990.4578, 0.22459
990.9456, 0.22532
991.4323, 0.22569
991.9686, 0.2264
992.4557, 0.22639
992.9441, 0.22697
993.4337, 0.2274
993.9677, 0.22816
994.4575, 0.22844
994.945, 0.22845
995.4794, 0.22931
995.9665, 0.22957
996.5022, 0.23052
996.9898, 0.23059
997.4764, 0.2309
997.9641, 0.23162
999.0377, 0.23187
999.5256, 0.23242
999.9615, 0.23293
1000.498, 0.23325
1000.987, 0.23324
1001.475, 0.23363
1002.012, 0.23398
1002.498, 0.23425
1003.037, 0.23445
1003.473, 0.23456
1004.009, 0.23502
1004.497, 0.23521
1004.985, 0.2357
1005.524, 0.23569
1006.008, 0.23584
1006.497, 0.2362
1007.52, 0.23702
1008.058, 0.23682
1008.495, 0.23733
1009.031, 0.23735
1009.521, 0.23734
1010.007, 0.23805
1010.544, 0.23813
1011.029, 0.23859
1011.517, 0.23874
1012.006, 0.23883
1012.539, 0.23918
1013.029, 0.23927
1013.517, 0.23929
1014.053, 0.23929
1014.54, 0.23917
1015.077, 0.2392
1015.565, 0.23903
1016.051, 0.23909
1016.539, 0.239
1017.075, 0.23874
1017.66, 0.23877
1018.05, 0.23836
1018.538, 0.23843
1019.125, 0.23802
1019.658, 0.23781
1020.049, 0.2378
1020.634, 0.23706
1021.073, 0.23706
1021.558, 0.23655
1022.047, 0.23642
1022.633, 0.23642
1023.071, 0.2358
1023.558, 0.23579
1024.096, 0.2352
1024.583, 0.23518
1025.07, 0.23501
1026.097, 0.23466
1026.58, 0.23433
1027.068, 0.23439
1027.655, 0.2342
1028.093, 0.23398
1028.679, 0.23395
1029.115, 0.23389
1029.604, 0.23388
1030.091, 0.23386
1030.629, 0.23379
1031.118, 0.23388
1031.602, 0.23387
1032.09, 0.23378
1032.626, 0.23361
1033.114, 0.23355
1033.601, 0.23351
1034.138, 0.2335
1034.625, 0.23336
1035.111, 0.23335
1035.698, 0.23323
1036.139, 0.23325
1036.671, 0.23323
1037.646, 0.233
1038.136, 0.23289
1038.624, 0.23263
1039.159, 0.23246
1039.646, 0.23226
1040.183, 0.23228
1040.671, 0.23227
1041.158, 0.23221
1041.647, 0.23207
1042.132, 0.23169
1042.667, 0.2318
1043.157, 0.23155
1043.644, 0.23153
1044.18, 0.2316
1044.667, 0.23161
1045.155, 0.23159
1045.692, 0.23177
1046.179, 0.23166
1046.67, 0.23163
1047.155, 0.23164
1047.693, 0.23165
1048.227, 0.23165
1048.714, 0.23166
1049.202, 0.23166
1049.69, 0.23167
1050.226, 0.23181
1050.761, 0.23202
1051.202, 0.23193
1051.69, 0.21529
1052.226, 0.21261
1052.761, 0.21275
1053.199, 0.21269
1053.784, 0.2127
1054.223, 0.21278
1054.711, 0.21263
1055.247, 0.2125
1055.735, 0.21256
1056.223, 0.21237
1056.707, 0.21229
1057.734, 0.21158
1058.267, 0.21157
1058.759, 0.21131
1059.341, 0.21131
1059.732, 0.2114
1060.221, 0.21114
1060.756, 0.21103
1061.34, 0.21069
1061.781, 0.2108
1062.217, 0.21062
1062.755, 0.21027
1063.29, 0.20992
1063.728, 0.20963
1064.314, 0.20965
1064.803, 0.20976
1065.24, 0.20984
1065.777, 0.21064
1066.266, 0.21065
1066.754, 0.21096
1067.777, 0.21289
1068.264, 0.21413
1068.751, 0.21411
1069.289, 0.21513
1069.775, 0.21599
1070.261, 0.21601
1070.798, 0.21789
1071.287, 0.21782
1071.773, 0.219
1072.26, 0.21918
1072.799, 0.2192
1073.287, 0.22068
1073.772, 0.22087
1074.309, 0.22199
1074.796, 0.22199
1075.283, 0.22269
1075.773, 0.22365
1076.305, 0.22429
1076.844, 0.22516
1077.283, 0.22509
1077.821, 0.22613
1078.306, 0.22665
1078.793, 0.22767
1079.332, 0.22802
1079.817, 0.22802
1080.304, 0.22921
1080.84, 0.2292
1081.327, 0.23009
1081.865, 0.23011
1082.304, 0.23043
1082.838, 0.23114
1083.327, 0.23125
1083.865, 0.23229
1084.885, 0.23305
1085.326, 0.23328
1085.813, 0.23329
1086.349, 0.23455
1086.838, 0.23457
1087.328, 0.23579
1087.862, 0.23588
1088.35, 0.23603
1088.886, 0.23687
1089.86, 0.23813
1090.346, 0.23826
1090.837, 0.23887
1091.418, 0.23946
1091.911, 0.24028
1092.347, 0.24056
1092.931, 0.24054
1093.419, 0.24144
1093.859, 0.2415
1094.883, 0.24225
1095.418, 0.24225
1095.905, 0.24252
1096.439, 0.24238
1096.877, 0.24229
1097.368, 0.24228
1098, 0.24219
1098.392, 0.242
1098.877, 0.24198
1099.415, 0.24167
1099.904, 0.24146
1100.391, 0.24104
1100.875, 0.24097
1101.412, 0.23995
1101.899, 0.22336
1102.39, 0.2235
1102.925, 0.22411
1103.413, 0.22411
1103.899, 0.22459
1104.925, 0.22608
1105.41, 0.22658
1105.899, 0.22656
1106.435, 0.22791
1106.922, 0.22811
1107.411, 0.2294
1107.946, 0.22947
1108.432, 0.22966
1108.921, 0.23035
1109.458, 0.23026
1109.945, 0.23055
1110.431, 0.23099
1110.969, 0.23144
1111.455, 0.23182
1111.943, 0.23194
1112.433, 0.23249
1112.967, 0.23289
1113.454, 0.23389
1113.941, 0.23412
1114.48, 0.2341
1114.965, 0.23523
1115.454, 0.2353
1115.94, 0.23595
1116.525, 0.23594
1116.964, 0.23619
1117.501, 0.23662
1117.988, 0.2372
1118.477, 0.23779
1119.011, 0.23779
1119.986, 0.2391
1120.475, 0.23891
1120.963, 0.2398
1121.549, 0.23978
1121.986, 0.23979
1122.523, 0.23986
1123.007, 0.23992
1123.496, 0.2395
1123.985, 0.23925
1124.522, 0.23855
1125.008, 0.23857
1125.495, 0.23799
1125.983, 0.23736
1126.519, 0.23539
1127.006, 0.23595
1127.493, 0.23596
1128.031, 0.23467
1128.517, 0.23459
1129.054, 0.23324
1129.544, 0.23323
1130.078, 0.23303
1130.519, 0.23226
1131.54, 0.23204
1132.027, 0.23197
1133.052, 0.2324
1133.539, 0.2325
1134.025, 0.23219
1134.613, 0.23219
1135.051, 0.22911
1135.541, 0.22868
1136.074, 0.22832
1136.709, 0.2224
1137.049, 0.22117
1137.537, 0.21653
1138.124, 0.21672
1138.561, 0.21449
1139.048, 0.21118
1139.582, 0.20803
1140.072, 0.20533
1140.559, 0.20518
1141.096, 0.20087
1141.586, 0.19921
1142.071, 0.19354
1143.142, 0.19246
1143.581, 0.18694
1144.069, 0.18691
1144.605, 0.18172
1145.095, 0.18171
1145.78, 0.17976
1146.115, 0.1768
1146.651, 0.17673
1147.139, 0.17152
1147.578, 0.17141
1148.167, 0.16792
1148.603, 0.16647
1149.093, 0.16647
1149.627, 0.16315
1150.114, 0.16573
1150.604, 0.15916
1151.139, 0.15918
1151.626, 0.15844
1152.114, 0.15642
1152.602, 0.1549
1153.137, 0.15281
1153.625, 0.15287
1154.11, 0.15132
1154.648, 0.15022
1155.138, 0.14885
1155.625, 0.14844
1156.158, 0.14845
1156.646, 0.14547
1157.135, 0.14495
1157.622, 0.1444
1158.157, 0.13925
1158.694, 0.13743
1159.136, 0.13291
1159.67, 0.13282
1160.207, 0.13129
1160.646, 0.12931
1161.181, 0.12807
1161.67, 0.12735
1162.301, 0.12737
1163.182, 0.12422
1163.666, 0.12342
1164.156, 0.12057
1164.691, 0.12033
1165.177, 0.11883
1165.665, 0.11885
1166.155, 0.11895
1166.691, 0.11886
1167.178, 0.11789
1167.665, 0.11672
1168.251, 0.11674
1168.738, 0.11271
1169.176, 0.11257
1169.712, 0.11099
1170.2, 0.11078
1170.687, 0.11067
1171.177, 0.11108
1171.713, 0.11138
1172.198, 0.11259
1172.685, 0.1125
1173.269, 0.11355
1173.71, 0.11483
1174.197, 0.1129
1174.733, 0.11099
1175.22, 0.11091
1175.709, 0.10947
1176.197, 0.10799
1176.733, 0.10788
1177.223, 0.10788
1177.708, 0.10797
1178.243, 0.10874
1178.731, 0.1088
1179.269, 0.10231
1179.755, 0.10229
1180.242, 0.10008
1180.731, 0.09671
1181.219, 0.09669001
1181.755, 0.09150001
1182.243, 0.09150001
1182.728, 0.08905001
1183.266, 0.08527
1183.752, 0.08528
1184.239, 0.08146001
1184.776, 0.08096001
1185.261, 0.07561
1185.751, 0.07559
1186.236, 0.07372001
1186.778, 0.06617
1187.264, 0.06417
1187.749, 0.06082
1188.285, 0.06089
1188.773, 0.05626
1189.259, 0.05013
1189.796, 0
1190.284, 0
1190.82, 0.038422
1191.258, 0.038422
1191.796, 0.030684
1192.286, 0.023832
1192.771, 0.023832
1193.308, 0.01574
1193.795, 0.01574
1194.38, 0.000142
1194.818, -0.01013
1195.357, -0.01013
1195.795, -0.020096
1196.819, -0.044926
1197.307, 0
1197.791, -0.08869001
1198.331, -0.11196
1198.819, -0.12407
1199.401, -0.12414
1199.889, -0.20965
1200.327, -0.20958
1200.816, -0.20957
1201.84, -0.20967
1202.326, -0.2097
1202.816, -0.20969
1203.351, -0.20968
1203.837, -0.20976
1204.376, -0.20968
1205.446, -0.20959
1205.836, -0.20971
1206.86, -0.20959
1207.348, -0.20971
1207.834, -0.20979
1208.42, -0.20971
1208.86, -0.20964
1209.346, -0.20961
1210.37, -0.20953
1210.857, -0.20961
1211.881, -0.20957
1212.369, -0.20958
1212.856, -0.20957
1213.393, -0.20957
1213.879, -0.20957
1214.367, -0.20957
1214.905, -0.20957
1215.391, -0.20956
1215.879, -0.20956
1216.368, -0.20956
1216.901, -0.2095
1217.389, -0.20952
1217.877, -0.20951
1218.415, -0.20962
1218.949, -0.20952
1219.388, -0.2096
1219.877, -0.20954
1220.411, -0.20946
1220.899, -0.20943
1221.39, -0.20944
1221.923, -0.20944
1222.412, -0.2095
1222.9, -0.20949
1223.436, -0.20955
1223.924, -0.20955
1224.41, -0.20948
1224.898, -0.2095
1225.433, -0.20935
1225.919, -0.20944
1226.41, -0.20955
1226.944, -0.20953
1227.436, -0.20954
1227.919, -0.20955
1228.506, -0.20955
1228.945, -0.20955
1229.479, -0.20955
1229.918, -0.20955
1230.501, -0.20955
1230.942, -0.20948
1231.432, -0.20947
1231.964, -0.20948
1232.553, -0.20948
1232.942, -0.20948
1233.476, -0.20949
1233.965, -0.20949
1234.454, -0.20939
1234.939, -0.20947
1235.574, -0.2094
1236.013, -0.20949
1236.453, -0.20948
1236.985, -0.20948
1237.573, -0.20948
1238.011, -0.20957
1238.499, -0.20959
1238.985, -0.20958
1239.473, -0.20964
1239.96, -0.20953
1240.499, -0.20947
1240.985, -0.20949
1241.473, -0.20942
1242.008, -0.20955
1242.496, -0.20961
1242.984, -0.20953
1243.473, -0.20955
1244.007, -0.20954
1244.542, -0.20947
1245.129, -0.20948
1245.567, -0.20942
1246.006, -0.20955
1246.493, -0.20953
1247.517, -0.20952
1248.005, -0.20962
1248.49, -0.20961
1249.028, -0.20961
1249.518, -0.20951
1250.003, -0.20953
1250.539, -0.20952
1251.028, -0.20952
1251.514, -0.20945
1252.051, -0.20957
1252.538, -0.20958
1253.026, -0.2095
1253.513, -0.2095
1254.048, -0.20956
1254.537, -0.20954
1255.023, -0.20945
1255.563, -0.20963
1256.048, -0.20952
1256.535, -0.20952
1257.07, -0.20953
1257.559, -0.20961
1258.095, -0.20959
1258.536, -0.20959
1259.07, -0.20952
1259.607, -0.20951
1260.046, -0.20953
1260.586, -0.20951
1261.067, -0.20952
1261.557, -0.20953
1262.045, -0.20953
1262.632, -0.2096
1263.068, -0.20962
1263.558, -0.20962
1264.192, -0.20951
1264.582, -0.2095
1265.067, -0.20956
1265.605, -0.20954
1266.092, -0.20953
1266.576, -0.20947
1267.066, -0.20945
1267.65, -0.20945
1268.089, -0.20945
1268.579, -0.20954
1269.163, -0.20964
1269.599, -0.20956
1270.087, -0.20969
1270.674, -0.20958
1271.159, -0.20955
1271.647, -0.20955
1272.621, -0.20947
1273.108, -0.20948
1273.699, -0.20948
1274.135, -0.20947
1274.622, -0.20946
1275.11, -0.20953
1275.645, -0.20947
1276.181, -0.20948
1276.62, -0.2095
1277.108, -0.20957
1277.644, -0.20946
1278.132, -0.20952
1278.619, -0.20929
1279.156, -0.20945
1279.692, -0.20944
1280.133, -0.20945
1280.619, -0.20945
1281.157, -0.20961
1281.689, -0.20956
1282.129, -0.20957
1282.667, -0.20956
1283.153, -0.20947
1283.643, -0.20954
1284.177, -0.20943
1284.664, -0.20947
1285.153, -0.20948
1285.64, -0.20949
1286.179, -0.20949
1286.663, -0.20949
1287.202, -0.20948
1287.687, -0.2096
1288.175, -0.20946
1288.664, -0.20954
1289.198, -0.20945
1289.686, -0.20952
1290.176, -0.20941
1290.661, -0.20947
1291.198, -0.20949
1291.682, -0.20947
1292.172, -0.20947
1292.708, -0.20954
1293.194, -0.20954
1293.683, -0.20945
1294.219, -0.20946
1294.709, -0.20945
1295.196, -0.20953
1295.682, -0.2094
1296.217, -0.2096
1296.755, -0.20952
1297.242, -0.20954
1297.73, -0.20951
1298.216, -0.20942
1298.803, -0.20943
1299.244, -0.20944
1299.73, -0.20944
1300.217, -0.20951
1300.703, -0.20943
1301.238, -0.20951
1301.727, -0.2095
1302.214, -0.20951
1302.799, -0.20951
1303.285, -0.20947
1303.728, -0.20947
1304.214, -0.20947
1304.75, -0.20948
1305.239, -0.20947
1305.727, -0.20948
1306.309, -0.20947
1306.797, -0.20947
1307.236, -0.20953
1307.775, -0.20938
1308.26, -0.20936
1308.796, -0.20942
1309.237, -0.20942
1309.823, -0.20943
1310.256, -0.20953
1310.747, -0.20952
1311.284, -0.20952
1311.771, -0.2096
1312.257, -0.20943
1312.794, -0.2095
1313.279, -0.20932
1313.769, -0.20936
1314.792, -0.2094
1315.277, -0.20941
1315.767, -0.20942
1316.301, -0.20943
1316.792, -0.20934
1317.277, -0.20934
1317.814, -0.20944
1318.301, -0.20938
1318.79, -0.20946
1319.29, -0.20945
1319.813, -0.20945
1320.3, -0.20946
1320.788, -0.20946
1321.324, -0.20935
1321.814, -0.20945
1322.3, -0.20936
1322.787, -0.20936
1323.323, -0.20935
1323.811, -0.20934
1324.303, -0.20941
1324.835, -0.20942
1325.324, -0.20952
1325.812, -0.20944
1326.395, -0.20957
1326.833, -0.20958
1327.322, -0.2097
1327.809, -0.20971
1328.343, -0.20963
1328.832, -0.20962
1329.319, -0.20978
1329.857, -0.20977
1330.344, -0.20979
1330.83, -0.20979
1331.416, -0.20979
1331.853, -0.20978
1332.34, -0.20966
1332.829, -0.20976
1333.366, -0.20969
1333.9, -0.20967
