0, -0.20585
0.487823, -0.20586
1.025341, -0.30628
1.511867, -0.36455
2.002513, -0.36887
2.534714, -0.3738
3.026936, -0.39146
3.509811, -0.4507
4.535045, 0.06185
5.023083, 0.06168
6.04673, 0.0614
6.533839, 0.06127
7.023837, 0.06118
7.557041, 0.06125
8.050298, 0.06123
8.632203, 0.06131
9.07146, 0.06129
9.554818, 0.06122001
10.04228, 0.06122001
10.53215, 0.06123
11.1183, 0.06115
11.5556, 0.06116
12.04304, 0.06125
12.62949, 0.06125
13.0668, 0.06123
13.55226, 0.06123
14.03944, 0.06123
14.57818, -0.10479
15.06547, -0.14191
15.55247, -0.14163
16.08688, -0.13967
16.57479, -0.13954
17.11016, -0.1389
17.60018, -0.13719
18.08757, -0.13605
18.5751, -0.13488
19.11128, -0.13494
19.59891, -0.13316
20.08799, -0.13235
20.57336, -0.13014
21.15917, -0.13015
21.59753, -0.12974
22.08531, -0.12802
22.6213, -0.12716
23.10797, -0.1261
23.59805, -0.12609
24.08359, -0.12476
24.62206, -0.12421
25.10907, -0.12166
25.59467, -0.12235
26.1334, -0.12216
26.61933, -0.12074
27.10643, -0.12062
27.59379, -0.12017
28.13049, -0.11928
28.62045, -0.11862
29.10553, -0.11818
29.64007, -0.11818
30.12855, -0.11727
30.66796, -0.117
31.15351, -0.11581
31.6407, -0.1158
32.12873, -0.11548
32.6623, -0.11466
33.15253, -0.11409
33.64108, -0.11363
34.12896, -0.11373
34.71315, -0.11309
35.19876, -0.11296
35.63854, -0.11215
36.17618, -0.11212
36.66116, -0.11164
37.19818, -0.11127
37.63633, -0.11121
38.2213, -0.11081
38.66207, -0.1104
39.19632, -0.10979
39.68407, -0.10954
40.22092, -0.10967
40.6584, -0.10911
41.24243, -0.109
41.68542, -0.10868
42.21821, -0.10868
42.6601, -0.10848
43.1946, -0.10812
43.68208, -0.10755
44.17141, -0.10724
44.70528, -0.10723
45.19256, -0.1065
45.68119, -0.10637
46.21897, -0.1058
46.7046, -0.10569
47.19186, -0.10559
47.67759, -0.10533
48.21563, -0.10526
48.70161, -0.10514
49.19285, -0.10491
49.72636, -0.10434
50.2185, -0.10422
50.70197, -0.10421
51.18962, -0.10365
51.7251, -0.10357
52.21352, -0.10355
52.70043, -0.10349
53.23682, -0.10356
53.8226, -0.1037
54.21403, -0.10342
54.74814, -0.10323
55.23333, -0.10322
55.721, -0.10286
56.26108, -0.1028
56.7463, -0.10289
57.23561, -0.1028
57.72129, -0.10299
58.25765, -0.10327
58.74512, -0.10327
59.23579, -0.10367
59.818, -0.1039
60.25811, -0.10413
60.74444, -0.10403
61.768, -0.10444
62.25578, -0.10481
62.74437, -0.10504
63.27731, -0.10504
63.81445, -0.10543
64.2569, -0.10577
64.79117, -0.10644
65.27937, -0.10643
65.76561, -0.10659
66.25095, -0.10712
66.78942, -0.10702
67.27763, -0.10728
67.76425, -0.10772
68.30151, -0.10825
68.78802, -0.10864
69.27612, -0.10861
69.76436, -0.10937
70.34829, -0.10967
70.7868, -0.11047
71.42141, -0.11055
71.81025, -0.11061
72.34692, -0.11106
72.83443, -0.11126
73.37292, -0.11139
73.80814, -0.11141
74.3448, -0.11195
75.31985, -0.1128
75.80618, -0.11289
76.29728, -0.11298
76.83128, -0.11355
77.31758, -0.11367
77.80545, -0.11368
78.3427, -0.11385
78.83069, -0.11403
79.31783, -0.11412
79.80516, -0.114
80.3424, -0.1144
80.82766, -0.1144
81.31917, -0.11464
81.90142, -0.11464
82.34274, -0.11465
82.82812, -0.11466
83.36658, -0.11472
83.85178, -0.11471
84.33923, -0.1147
84.82772, -0.11471
85.36318, -0.11471
85.85062, -0.11455
86.34026, -0.11471
86.87695, -0.1151
87.36146, -0.115
87.84834, -0.11499
88.87313, -0.11503
89.36012, -0.11525
89.8504, -0.11524
90.38451, -0.11533
90.87216, -0.1155
91.36181, -0.11557
92.38264, -0.12581
92.87066, -0.12595
93.89362, -0.12619
94.48007, -0.12626
94.86696, -0.12634
95.4058, -0.12676
95.89107, -0.12677
96.38071, -0.12678
96.86789, -0.12696
97.40784, -0.12725
97.94106, -0.12741
98.37997, -0.12748
98.91573, -0.12791
99.40345, -0.12814
99.89257, -0.12876
100.4274, -0.12857
100.9146, -0.12854
101.4044, -0.12934
102.4256, -0.12993
102.9126, -0.12975
103.3985, -0.13022
103.9372, -0.13059
104.4245, -0.13143
104.9141, -0.1319
105.4996, -0.1319
105.9824, -0.13292
106.4254, -0.1331
106.9595, -0.13316
107.4969, -0.13419
107.9851, -0.13477
108.4219, -0.1354
109.0566, -0.13556
109.448, -0.13633
109.9326, -0.13695
110.421, -0.13831
110.9591, -0.13866
111.4925, -0.13864
111.9322, -0.14024
112.4697, -0.14021
112.9573, -0.14101
113.4416, -0.14111
114.465, -0.1421
114.9549, -0.14256
115.4416, -0.1428
115.9776, -0.14278
116.4636, -0.14336
116.9569, -0.14337
117.4889, -0.14344
117.9787, -0.14383
118.4629, -0.14384
119.4875, -0.14373
119.9773, -0.14367
120.4657, -0.14348
120.9995, -0.14348
121.4872, -0.14334
121.9747, -0.14342
122.5106, -0.14334
123.0001, -0.14334
123.4858, -0.14304
124.071, -0.14321
124.5097, -0.14252
125.0484, -0.14282
125.4837, -0.14255
126.0208, -0.14241
126.5127, -0.14232
127.0426, -0.14248
127.5314, -0.14234
128.0195, -0.14248
128.5054, -0.14243
129.0433, -0.1423
129.5307, -0.14185
130.0177, -0.14186
130.5083, -0.14137
131.0421, -0.14093
131.5281, -0.14041
132.017, -0.14012
132.5528, -0.14014
133.0402, -0.1398
133.5297, -0.13966
134.0158, -0.13924
134.5518, -0.13913
135.039, -0.13879
135.5255, -0.13814
136.0632, -0.13728
136.5502, -0.13688
137.0404, -0.13614
137.6219, -0.13591
138.0625, -0.13577
138.5485, -0.13578
139.0378, -0.13514
139.5721, -0.13469
140.0607, -0.13392
140.5465, -0.13392
141.0848, -0.13331
141.5716, -0.13279
142.0617, -0.13177
142.5957, -0.13152
143.1327, -0.13141
143.5691, -0.13072
144.1096, -0.13052
144.6411, -0.12987
145.0828, -0.12987
145.5675, -0.12936
146.1562, -0.12872
146.5934, -0.12816
147.0807, -0.12782
147.6186, -0.12789
148.106, -0.12711
148.5935, -0.12705
149.6151, -0.12568
150.1027, -0.1252
150.59, -0.12446
151.1275, -0.12431
151.6147, -0.12396
152.1499, -0.12369
152.6379, -0.12321
153.1254, -0.12303
153.6128, -0.12304
154.1008, -0.12209
154.6367, -0.12167
155.1247, -0.12089
155.612, -0.121
156.1472, -0.12062
156.6355, -0.12007
157.1721, -0.11955
157.6106, -0.11946
158.244, -0.11947
158.6347, -0.11853
159.1217, -0.11855
159.6576, -0.11712
160.1454, -0.11709
160.6326, -0.11632
161.1692, -0.11546
161.7065, -0.11543
162.1437, -0.11388
162.6788, -0.1146
163.1697, -0.11355
163.6576, -0.11347
164.1415, -0.11318
164.678, -0.11218
165.1673, -0.11149
165.6543, -0.11043
166.1909, -0.11054
166.6784, -0.10938
167.1683, -0.10869
168.1884, -0.10678
168.677, -0.10646
169.2171, -0.10492
169.6991, -0.10494
170.1878, -0.10424
170.6755, -0.10318
171.2146, -0.10206
171.6991, -0.10125
172.1861, -0.10126
172.675, -0.09963001
173.2129, -0.09919
173.6995, -0.09778
174.2832, -0.09785
174.7205, -0.09631
175.259, -0.09628
175.6965, -0.09523001
176.7209, -0.09429
177.2062, -0.09093001
177.6952, -0.09189001
178.2356, -0.09007
178.7177, -0.08225001
179.2583, -0.08182
179.7408, -0.08067
180.23, -0.08065
180.7662, -0.07978
181.209, -0.07889
181.7904, -0.07759
182.2307, -0.07714
182.7166, -0.07703
183.2528, -0.0752
183.7404, -0.07477
184.2287, -0.07336
184.7155, -0.07328
185.2512, -0.07286
185.7397, -0.07195
186.3253, -0.07071
186.7628, -0.07012001
187.2489, -0.0701
187.7363, -0.06880001
188.3743, -0.06851
188.7615, -0.06831
189.2529, -0.06659
189.7365, -0.06606
190.2722, -0.06506
190.7605, -0.06505001
191.3474, -0.06434
191.8832, -0.06359001
192.2722, -0.06245
192.7644, -0.06196
193.2961, -0.06188
193.8316, -0.06057
194.2701, -0.06021
194.8573, -0.0588
195.2971, -0.05879
195.7815, -0.05802
196.269, -0.05694
196.8059, -0.05687
197.2929, -0.05522
197.7803, -0.05524001
198.4125, -0.05398
198.8042, -0.05389
199.2928, -0.05318
199.8278, -0.05223
200.3154, -0.05152
200.8521, -0.0502
201.2903, -0.05018
201.8791, 0
202.4586, 0
202.8008, -0.046418
203.3383, -0.047057
203.8751, -0.047057
204.3149, -0.046151
205.3372, -0.045172
205.8734, -0.043482
206.3102, -0.043482
206.9471, -0.042421
207.3876, -0.041376
207.8235, -0.041376
208.4557, -0.039997
208.8491, -0.038805
209.338, -0.038805
209.8709, -0.037802
210.4079, -0.037802
210.8449, -0.036483
211.3313, -0.034856
211.8696, -0.034856
212.3576, -0.032846
212.8929, -0.032846
213.3818, -0.032536
213.9665, -0.030604
214.3548, -0.030604
215.4284, -0.028356
215.8694, -0.028356
216.4019, -0.026627
216.9905, -0.026627
217.3781, -0.025247
217.9158, -0.024108
218.401, -0.024108
218.8893, -0.022578
219.3792, -0.022578
220.4052, -0.019863
220.887, -0.019863
221.3761, -0.0186
221.9127, -0.016501
222.3999, -0.016501
222.8872, -0.015198
223.4235, -0.015198
223.9115, -0.01306
224.4005, -0.011799
224.8845, -0.011799
225.4243, -0.010391
225.9097, -0.009226
226.4475, -0.009226
226.9357, -0.007516
227.4193, -0.007516
227.909, -0.005935
228.3974, -0.004865
228.9328, -0.004865
229.4676, -0.003538
229.9069, -0.003538
230.4447, -0.001791
230.9308, -0.000708
231.4187, -0.000708
231.9568, 0.000403
232.4422, 0.002232
232.9297, 0.002232
233.4176, 0.003311
233.9531, 0.003311
234.443, 0.004313
234.928, 0.005856
235.4677, 0.005856
235.9521, 0.007103
236.4398, 0.008892001
236.9778, 0.008892001
237.5145, 0.009477001
237.9999, 0.009477001
238.4379, 0.011017
238.9747, 0.012053
239.4617, 0.012053
239.9517, 0.01314
240.5848, 0.01314
240.9757, 0.014905
241.4618, 0.01599
241.9977, 0.01599
242.5321, 0.017003
242.9722, 0.018664
243.459, 0.018664
243.996, 0.019842
244.4848, 0.019842
244.9737, 0.020837
245.5051, 0.022267
246.1402, 0.022267
246.4849, 0.022961
247.0205, 0.022961
247.5071, 0.023714
247.9929, 0.024851
249.0175, 0.026443
249.5049, 0.028051
249.9929, 0.028051
250.5305, 0.028496
251.0179, 0.028496
251.5524, 0.030122
252.0382, 0.031046
252.5279, 0.031046
253.0143, 0.031934
253.5027, 0.033276
254.0376, 0.033276
254.5262, 0.034508
255.0158, 0.034508
255.5504, 0.03548
256.0391, 0.036712
256.5284, 0.036712
257.5511, 0.03805
258.0356, 0.038928
258.5241, 0.039894
259.0598, 0.039894
259.5469, 0.041588
260.0355, 0.042616
260.5706, 0.042616
261.0606, 0.044171
261.5449, 0.044171
262.5719, 0.04625
263.058, 0.04625
264.1276, 0.047194
264.5689, 0.048552
265.0561, 0.049908
265.593, 0.049908
266.0777, 0.050902
266.5695, 0.052065
267.1049, 0.052065
267.5934, 0.053628
268.0764, 0.053628
268.5665, 0.05456701
269.1023, 0
269.6393, 0.05678
270.0788, 0.05717
270.613, 0.05828
271.103, 0.05869
271.5906, 0.05871
272.1238, 0.06024
272.6147, 0.06041
273.1003, 0.06157
273.5873, 0.06170001
274.1227, 0.06267
274.662, 0.06302001
275.0965, 0.06392
275.6331, 0.06434
276.1223, 0.06426001
276.61, 0.06546
277.1466, 0.06577
277.6336, 0.06707
278.1211, 0.06709
278.6066, 0.06740001
279.1959, 0.06809
279.6832, 0.06810001
280.1211, 0.06903
280.7052, 0.06895
281.1433, 0.06973001
281.6784, 0.06999
282.2158, 0.06996001
282.6534, 0.07090001
283.1437, 0.07108001
283.6306, 0.07175
284.1664, 0.07172
284.7019, 0.07188
285.1431, 0.07215001
285.7747, 0.07227
286.2624, 0.07254001
286.6538, 0.07238
287.1886, 0.07289001
287.6785, 0.07288
288.1657, 0.07331
289.1878, 0.0733
289.7238, 0.07331
290.1612, 0.07342
290.6985, 0.07348001
291.1883, 0.07341
291.673, 0.07341
292.2094, 0.07353
292.6963, 0.07344001
293.1849, 0.07371
293.672, 0.07371
294.2109, 0.07394001
294.6967, 0.07391001
295.183, 0.07376
295.7194, 0.07380001
296.2073, 0.07356
296.6971, 0.07357001
297.2311, 0.07358
297.718, 0.07322001
298.2061, 0.0729
298.7419, 0.07306
299.2289, 0.07307
299.7177, 0.07275
300.2049, 0.07285
300.7407, 0.07279
301.2286, 0.07225
301.7162, 0.07225
302.253, 0.07166
302.7398, 0.07166
303.2278, 0.07155
303.7151, 0.07130001
304.2526, 0.07080001
304.7386, 0.07069001
305.227, 0.0707
305.7625, 0.07006
306.2498, 0.07012001
306.7862, 0.06933001
307.8099, 0.06919
308.2491, 0.0687
308.7847, 0.06846
309.2746, 0.06821001
309.8093, 0.06818
310.2475, 0.06758001
310.7837, 0.06740001
311.2711, 0.06633001
311.7585, 0.06659
312.2965, 0.06658
312.7817, 0.06590001
313.2719, 0.066
313.7582, 0.06571
314.2959, 0.06537001
314.8308, 0.06486
315.319, 0.06464
315.8049, 0.06455
316.2929, 0.06382
316.8286, 0.06367
317.8036, 0.06319
318.3398, 0.06292
318.778, 0.06244
319.3636, 0.06214
319.8009, 0.06179
320.2893, 0.06166
320.8261, 0.06102
321.3142, 0.06078
321.7997, 0.05993
322.8248, 0.05989
323.3621, 0.05908
323.7999, 0.05918
324.3857, 0.05844
324.8244, 0.05833
325.3106, 0.05783001
325.896, 0.05781
326.3863, 0.05768
326.8231, 0.05706
327.312, 0.057
327.8443, 0.05595
328.3352, 0.05611
328.8703, 0.05592
329.3575, 0.05536
329.846, 0.05474
330.3323, 0.05441
331.3566, 0.05361
331.8445, 0.05348
332.3331, 0.05243
332.8664, 0.05243
333.3573, 0.05228
333.8447, 0.05135
334.3792, 0.05134
334.8665, 0.05088
335.3511, 0.0504
335.8388, 0
336.3753, 0
336.8649, 0.049777
337.3535, 0.049777
337.8878, 0.048847
338.3761, 0.048233
338.8614, 0.048233
339.4019, 0.047574
339.9361, 0.046294
340.376, 0.046294
340.8616, 0.045564
341.3991, 0.045564
341.9368, 0.0449
342.3762, 0.043888
342.9106, 0.043888
343.3973, 0.043109
343.8835, 0.042514
344.4235, 0.042514
344.9101, 0.041763
345.494, 0.041763
345.8831, 0.040845
346.42, 0.040233
346.9549, 0.040233
347.3966, 0.03959
347.9315, 0.03959
348.4211, 0.038659
348.9561, 0.037991
349.9789, 0.037632
350.4686, 0.036622
350.905, 0.036622
351.4887, 0.035983
351.9796, 0.035983
352.4656, 0.035485
352.9518, 0.034909
353.4376, 0.034909
353.9295, 0.034677
354.5132, 0.034677
354.9532, 0.034423
355.4407, 0.034023
355.9242, 0.034023
356.4648, 0.033399
356.95, 0.033033
357.438, 0.033033
357.9737, 0.032704
358.4606, 0.032704
358.95, 0.032167
360.0206, 0.031897
360.4624, 0.031624
360.9953, 0.031193
361.4851, 0.031193
361.9706, 0.030711
362.4589, 0.030711
362.9952, 0.030597
363.4825, 0.030222
363.9731, 0.030222
364.507, 0.029758
364.9938, 0.029758
365.4807, 0.029424
365.9697, 0.029057
366.5073, 0.029057
366.9925, 0.028597
367.4794, 0.028203
368.0159, 0.028203
368.5028, 0.027787
368.9902, 0.027787
369.5274, 0.027083
370.0159, 0.026586
370.5041, 0.026586
370.99, 0.026169
371.5274, 0.025702
372.0146, 0.025702
372.5006, 0.025245
373.0376, 0.025245
373.5258, 0.024647
374.0119, 0.024184
374.5495, 0.024184
375.0364, 0.023432
375.5243, 0.023432
376.0107, 0.022977
376.5496, 0.022528
377.0344, 0.022528
377.5219, 0.021816
378.0598, 0.021379
378.5459, 0.021379
379.0353, 0.020993
379.57, 0.020993
380.057, 0.020381
380.5472, 0.020133
381.0818, 0.020133
381.567, 0.019906
382.1067, 0.019906
382.5448, 0.019585
383.0794, 0.019437
383.5682, 0.019437
384.0565, 0.019361
384.5912, 0.019241
385.127, 0.019241
385.5636, 0.01931
386.5915, 0.019948
387.1284, 0.019882
387.6159, 0.019882
388.1493, 0.020684
388.6401, 0.021468
389.0785, 0.021468
389.6119, 0.022207
390.1012, 0.022207
390.5875, 0.023539
391.6129, 0.024895
392.0981, 0.026083
392.5876, 0.026083
393.1245, 0.027742
393.6084, 0.029872
394.0989, 0.029872
395.1207, 0.033296
395.6112, 0.033296
396.6346, 0.036339
397.1213, 0.03828
397.6079, 0.040208
398.1432, 0.040208
398.6307, 0.043319
399.118, 0.043319
399.6552, 0.046536
400.1416, 0.047699
400.6328, 0.047699
401.1191, 0.050585
401.6555, 0.05338001
402.1431, 0.05338001
402.6296, 0
403.1679, 0.09810001
403.6532, 0.05891
404.14, 0.06103
404.6294, 0.06277
405.1623, 0.06416
405.6499, 0.06414
406.14, 0.06695
406.6775, 0.06742
407.1645, 0.06754
407.6485, 0.07044001
408.1868, 0.07124
408.6735, 0.07341
409.1609, 0.0735
409.6475, 0.07473001
410.1846, 0.07603
410.6747, 0.07892
411.1619, 0.07857
411.6953, 0.07856
412.1858, 0.08093
412.6721, 0.08140001
413.2094, 0.08325
413.7447, 0.08325
414.1824, 0.08411001
414.6713, 0.08541001
415.2063, 0.08551001
415.6964, 0.08750001
416.1813, 0.08749
416.7171, 0.08938
417.2054, 0.08954
417.7397, 0.08973001
418.2268, 0.09151001
418.7148, 0.09231
419.2046, 0.09333
419.7893, 0.09335
420.2275, 0.09446
420.7163, 0.09514
421.2495, 0.09654
421.7886, 0.09687001
422.2264, 0.09703001
422.7628, 0.09861001
423.2978, 0.09913
423.7867, 0.10034
424.2247, 0.10032
424.7126, 0.10118
425.2489, 0.10192
425.7363, 0.10192
426.2258, 0.10345
426.8076, 0.10344
427.2981, 0.10487
427.7348, 0.10486
428.223, 0.10514
428.7591, 0.10587
429.2475, 0.10648
429.7339, 0.10737
430.3194, 0.10735
430.7578, 0.10836
431.2451, 0.10874
432.2708, 0.11005
432.7566, 0.11007
433.2937, 0.11128
433.782, 0.11176
434.2676, 0.1127
434.7551, 0.11272
435.3402, 0.11342
435.7774, 0.11396
436.3148, 0.11398
436.8017, 0.11516
437.2901, 0.11529
437.7766, 0.11653
438.8013, 0.11677
439.2906, 0.11776
439.7758, 0.11816
440.3592, 0.11896
440.7999, 0.11898
441.2896, 0.11972
441.8246, 0.12017
442.3092, 0.12124
442.7988, 0.12125
443.2866, 0.12165
443.8226, 0.1225
444.3109, 0.12302
444.7978, 0.12367
445.3333, 0.12366
445.8719, 0.12443
446.3096, 0.12492
446.7972, 0.1248
447.335, 0.12601
447.8198, 0.12612
448.3076, 0.12706
448.8459, 0.12714
449.3814, 0.12754
449.8191, 0.12826
450.4042, 0.12883
450.8913, 0.12918
451.3313, 0.12917
451.8178, 0.12998
452.3532, 0.13005
452.8434, 0.13094
453.3801, 0.13101
453.8675, 0.13117
454.3526, 0.132
454.8395, 0.13222
455.4275, 0.13273
455.8648, 0.13267
456.3532, 0.13314
456.8394, 0.13331
457.4245, 0.1334
457.8638, 0.13414
458.3497, 0.13416
458.888, 0.13492
459.4244, 0.135
459.862, 0.13511
460.3475, 0.13554
460.9358, 0.13614
461.3747, 0.1364
461.8623, 0.1363
462.4434, 0.13705
462.8859, 0.13715
463.4695, 0.13789
463.9564, 0.13776
464.4445, 0.13796
464.8827, 0.13835
465.3709, 0.13834
465.9066, 0.139
466.3949, 0.139
466.88, 0.1395
467.4191, 0.13975
468.0022, 0.13981
468.3919, 0.14047
469.4144, 0.14122
469.9037, 0.14099
470.3911, 0.14145
470.9274, 0.14176
471.4622, 0.14239
471.9048, 0.14256
472.4881, 0.14254
472.9289, 0.14334
473.4142, 0.1437
473.9523, 0.14421
474.4371, 0.14411
474.9247, 0.14442
475.4126, 0.14473
475.9489, 0.14518
476.4359, 0.14543
476.9729, 0.14545
477.9476, 0.14608
478.4337, 0.14622
478.9232, 0.14704
479.4592, 0.1472
479.9475, 0.14766
480.4338, 0.14772
480.9712, 0.14783
481.458, 0.148
481.9475, 0.14839
482.4823, 0.1485
482.9711, 0.1485
483.4585, 0.14895
483.9441, 0.14896
484.4851, 0.1492
485.0159, 0.14919
485.4554, 0.1492
485.9922, 0.14921
486.5328, 0.14928
487.0157, 0.14913
487.4566, 0.14913
487.989, 0.14894
488.4772, 0.14906
489.016, 0.14905
489.5486, 0.14894
490.0383, 0.14861
490.5269, 0.14882
491.0635, 0.14865
491.4989, 0.14851
492.0856, 0.14834
492.4758, 0.14775
493.0142, 0.14794
493.4984, 0.14779
494.0366, 0.14741
494.524, 0.14718
495.0109, 0.14681
495.4978, 0.14687
496.0853, 0.14637
496.5722, 0.14615
497.0571, 0.14616
497.4965, 0.14542
498.0811, 0.14532
498.5203, 0.14442
499.0581, 0.14444
499.591, 0.14395
500.0335, 0.14347
500.5676, 0.14295
501.0544, 0.14256
501.5941, 0.14257
502.029, 0.14173
503.0544, 0.14056
503.589, 0.1407
504.0763, 0.14044
504.5637, 0.13963
505.0549, 0.13904
505.5388, 0.13859
506.0274, 0.13872
506.5637, 0.1378
507.1002, 0.13747
507.5376, 0.13753
508.1267, 0.13635
508.5704, 0.1361
509.0522, 0.13519
509.5884, 0.13518
510.0755, 0.13459
510.5594, 0.13409
511.0467, 0.13299
511.6344, 0.133
512.0718, 0.133
512.5615, 0.13186
513.096, 0.13168
513.5837, 0.13046
514.0706, 0.13053
514.6092, 0.12992
515.0966, 0.12938
515.6331, 0.12843
516.1179, 0.12807
516.6063, 0.12808
517.0933, 0.1271
517.5834, 0.12693
518.1179, 0.12693
518.605, 0.12566
519.0942, 0.12529
519.6299, 0.12436
520.1187, 0.12426
520.6031, 0.12369
521.0908, 0.12319
521.6266, 0.12204
522.1161, 0.12201
522.6044, 0.12202
523.1398, 0.12061
523.626, 0.1208
524.116, 0.11939
525.1379, 0.11867
525.7224, 0.11807
526.1126, 0.11807
526.6495, 0.11675
527.1346, 0.11685
527.6235, 0.11544
528.16, 0.11544
528.6493, 0.11513
529.1824, 0.11358
529.6247, 0.11282
530.157, 0.1117
530.698, 0.11182
531.1837, 0.11068
531.7189, 0.11004
532.2074, 0.10865
532.6479, 0.10833
533.2786, 0.1083
533.6673, 0.10637
534.1567, 0.10577
534.6429, 0.10424
535.2285, 0.10423
535.6729, 0.10256
536.303, 0.10214
536.6931, 0.10216
537.179, 0.10025
537.6661, 0.10019
538.688, 0.09823
539.1799, 0.09789
539.6633, 0.09632
540.2034, 0.09540001
540.7357, 0.09436
541.1765, 0.09434
541.7108, 0.09321
542.1982, 0.09262001
542.6873, 0.09108
543.1737, 0.09093001
543.7115, 0.09080001
544.201, 0.08935
544.6877, 0.08881
545.2211, 0.08785
545.7103, 0.08784
546.1963, 0.08693001
546.7321, 0.0865
547.2194, 0.08648001
547.7066, 0.08508001
548.1961, 0.08490001
548.7328, 0.08379
549.2225, 0.08388
549.7084, 0.0836
550.246, 0.08280001
550.7316, 0.08235
551.2196, 0.08185
551.8038, 0.08193
552.2422, 0.08131
552.7284, 0.08119
553.7519, 0.08075
554.2396, 0.08074
554.7272, 0.08072001
555.2675, 0.08063
555.7509, 0.08074
556.2382, 0.08075
556.7748, 0.08038
557.3152, 0.08026001
557.7515, 0.08034
558.2371, 0.08012
558.8235, 0.08013
559.2615, 0.0804
559.7483, 0.08047
560.2881, 0.08047
560.7772, 0.08076001
561.3118, 0.08048001
561.7963, 0.08050001
562.3339, 0.08056
562.7734, 0.08069
563.3088, 0.08068001
563.7955, 0.08124
564.3322, 0.08133001
564.7709, 0.08147001
565.3098, 0.08212001
565.7949, 0.08218
566.2844, 0.08235
566.7698, 0.08233
567.3088, 0.08240001
567.8412, 0.08242
568.2814, 0.08240001
568.8171, 0.08308001
569.3094, 0.08314
569.7927, 0.08406
570.3298, 0.08399
570.8148, 0.08408
571.3027, 0.08434
572.3293, 0.08432
572.8154, 0.08432
573.3028, 0.08482
573.837, 0.08497
574.3779, 0.08575001
574.8118, 0.08585
575.8378, 0.08638
576.3743, 0.08631
576.8109, 0.08662001
577.3512, 0.08649001
577.8358, 0.08673001
578.373, 0.08674
578.8596, 0.08683001
579.3464, 0.08718
579.8343, 0.08735
580.325, 0.08755001
580.861, 0.08756
581.393, 0.08777
581.882, 0.08779
582.3703, 0.08813
582.8561, 0.08811001
583.3448, 0.08811001
583.8825, 0.08835001
584.3695, 0.08836
584.856, 0.08828
585.3472, 0.08822001
585.8784, 0.08822001
586.3677, 0.08800001
586.8553, 0.08811001
587.4418, 0.08811001
587.8774, 0.0882
588.3661, 0.08847
588.9536, 0.08840001
589.3904, 0.08842
589.8773, 0.08857001
590.3676, 0.08857001
590.9012, 0.08879001
591.3911, 0.08866001
591.8797, 0.08886001
592.413, 0.08894001
592.9484, 0.08892
593.3882, 0.08893
593.9233, 0.08884
594.4116, 0.08881
594.8981, 0.08864
595.9229, 0.08863
596.4125, 0.08886001
596.8998, 0.08886001
597.4355, 0.08887
597.9216, 0.08906
598.4579, 0.08907001
598.895, 0.08937
599.4317, 0.08931001
599.9188, 0.06217
600.4079, 0.07312001
601.042, 0.07334
601.481, 0.07321
601.9171, 0.07306
602.4576, 0.07327
602.9932, 0.0731
603.4313, 0.07337001
604.4543, 0.0731
604.9917, 0.07381
605.4305, 0.0735
605.9653, 0.07431
606.4524, 0.07415
606.9382, 0.07443
607.9633, 0.07456
608.4507, 0.07485
608.9371, 0.07478
609.4756, 0.07507
609.9614, 0.07519001
610.4488, 0.07517
610.9869, 0.07559
611.4764, 0.07559
611.9637, 0.07560001
612.4495, 0.07548001
612.9835, 0.07562
613.4729, 0.07522
613.9584, 0.07541001
614.4955, 0.07524
614.9833, 0.07526001
615.4738, 0.07553
616.0073, 0.07564
616.5001, 0.07586
616.9847, 0.0757
617.4703, 0.07571001
618.0087, 0.0761
618.4937, 0.07601
618.9808, 0.07653
619.5687, 0.07651
620.005, 0.07651
620.4971, 0.07712001
621.5662, 0.07724001
622.0027, 0.07722001
622.4917, 0.07752
623.0751, 0.07754
623.5154, 0.07761
624.0511, 0.07803001
624.588, 0.07801001
625.0259, 0.07851001
625.5167, 0.07853001
626.0015, 0.07852
626.5371, 0.07898001
627.0276, 0.07899
627.5123, 0.07931
628.0504, 0.07915001
628.587, 0.07934
629.0752, 0.07957
629.56, 0.07989001
630.0474, 0.08004001
630.5829, 0.07995
631.0225, 0.08021
631.6103, 0.08023001
632.0945, 0.08066001
632.5847, 0.08065
633.0683, 0.08072001
633.5606, 0.08085001
634.0919, 0.08084
634.5859, 0.08085001
635.0687, 0.08123001
635.6544, 0.08141001
636.0922, 0.08156
636.5812, 0.08166001
637.0675, 0.08186001
637.5579, 0.08183
638.5793, 0.08169001
639.0649, 0.0817
639.5521, 0.08263
640.1404, 0.08279
640.5773, 0.08335
641.063, 0.08335
641.6484, 0.08355001
642.0913, 0.08403
642.575, 0.08426001
643.1108, 0.08427
643.6024, 0.08425
644.0864, 0.08433001
644.5752, 0.08432
645.1101, 0.08446001
645.5997, 0.0847
646.0864, 0.08472001
646.623, 0.08525001
647.1099, 0.08526
647.598, 0.08534
648.085, 0.08575001
648.6218, 0.08574
649.1073, 0.08608001
649.5969, 0.08609
650.132, 0.08635
650.6201, 0.08676001
651.1077, 0.08728001
652.133, 0.08771
652.6213, 0.08837001
653.1063, 0.08876
653.6457, 0.08958001
654.1305, 0.0897
654.6183, 0.08978
655.154, 0.0907
655.6901, 0.09069001
656.1291, 0.09168001
656.6187, 0.0917
657.1524, 0.09217
657.6415, 0.09302
658.1281, 0.09285
658.6636, 0.09432001
659.1511, 0.09434
659.6392, 0.09536
660.1751, 0.09591001
660.7604, 0.09575
661.1486, 0.09737001
661.6375, 0.09758001
662.1744, 0.09904001
662.7106, 0.09903
663.2001, 0.09950001
663.6859, 0.10102
664.2203, 0.10185
664.6585, 0.10289
665.1963, 0.10286
665.6832, 0.10394
666.1696, 0.10448
666.6588, 0.10553
667.1973, 0.1056
667.6849, 0.10557
668.17, 0.10763
668.8049, 0.10743
669.1967, 0.10993
669.683, 0.10979
670.7052, 0.11192
671.3373, 0.11198
671.6819, 0.11367
672.2163, 0.11369
672.7043, 0.11482
673.289, 0.11542
673.7281, 0.1154
674.2159, 0.11701
674.799, 0.11779
675.3353, 0.1191
675.8252, 0.11908
676.2138, 0.11941
676.7026, 0.12086
677.2393, 0.12159
677.7755, 0.12252
678.2624, 0.12251
678.7017, 0.12344
679.2371, 0.12406
679.7243, 0.12545
680.2605, 0.12575
680.7488, 0.12569
681.2844, 0.1276
681.7231, 0.1273
682.2592, 0.12739
682.7466, 0.12915
683.2817, 0.12968
684.3047, 0.13097
684.7458, 0.13176
685.2321, 0.13277
685.7671, 0.13383
686.256, 0.13449
686.743, 0.13449
687.2791, 0.13645
687.7684, 0.13616
688.2552, 0.13794
688.7431, 0.13801
689.2786, 0.13811
689.816, 0.14
690.2537, 0.1405
690.8412, 0.14181
691.2776, 0.14181
691.7664, 0.14262
692.2553, 0.14352
692.7879, 0.1435
693.2758, 0.14525
693.7652, 0.14527
694.3012, 0.14748
694.8356, 0.14724
695.3274, 0.1473
695.8099, 0.14905
696.2988, 0.1495
696.7872, 0.15038
697.8104, 0.15095
698.2993, 0.15162
698.7858, 0.15263
699.3235, 0.1531
699.8093, 0.15304
700.296, 0.15471
700.8336, 0.15455
701.3193, 0.15596
701.8088, 0.15602
702.2946, 0.156
702.8317, 0.15684
703.3223, 0.15671
703.8059, 0.15742
704.3452, 0.15735
704.8307, 0.15797
705.3174, 0.15839
705.805, 0.15837
706.3921, 0.15917
706.8297, 0.15922
707.3165, 0.15974
707.9033, 0.15976
708.389, 0.15985
708.8286, 0.16059
709.4645, 0.16065
709.8542, 0.16148
710.3381, 0.16133
710.8771, 0.16178
711.4095, 0.16241
711.8499, 0.16286
712.3376, 0.16317
712.8745, 0.16317
713.3615, 0.16408
713.8507, 0.16429
714.9717, 0.1654
715.3613, 0.16541
715.848, 0.16642
716.3838, 0.16644
716.8726, 0.16662
717.3577, 0.16737
717.9438, 0.16758
718.3826, 0.16801
718.9194, 0.16801
719.3572, 0.16896
719.8938, 0.16922
720.3818, 0.17015
720.8693, 0.17046
721.4059, 0.17045
721.8914, 0.17149
722.4291, 0.17162
722.9171, 0.17274
723.4086, 0.17262
723.8941, 0.17286
724.3795, 0.17378
724.9172, 0.17439
725.455, 0.17479
725.8901, 0.17473
726.5245, 0.17543
726.9145, 0.17567
727.4019, 0.17567
727.8908, 0.17655
728.4263, 0.17662
728.9111, 0.17752
729.4508, 0.1775
729.9398, 0.17759
730.4718, 0.1782
730.913, 0.17844
731.9358, 0.17878
732.4214, 0.17933
732.9135, 0.17934
733.4476, 0.1799
733.9367, 0.18
734.4232, 0.18001
735.007, 0.18058
735.4962, 0.18074
735.933, 0.18116
736.4692, 0.18115
737.0056, 0.18113
737.493, 0.18161
737.9323, 0.18148
738.4682, 0.18204
739.0048, 0.18196
739.4447, 0.18218
739.9817, 0.18249
740.5153, 0.18243
740.9538, 0.18307
741.442, 0.18308
741.9783, 0.18361
742.4659, 0.1836
742.9547, 0.18362
743.5382, 0.18404
744.0266, 0.18396
744.5126, 0.18408
745.0027, 0.18392
745.4865, 0.18406
746.0277, 0.18406
746.9998, 0.1842
747.4863, 0.18403
747.9764, 0.18435
748.5104, 0.18425
749.0001, 0.18438
749.4854, 0.18418
749.9728, 0.18412
750.557, 0.18413
750.9954, 0.18392
751.5311, 0.18379
752.0208, 0.18368
752.5077, 0.1837
752.9974, 0.18333
753.5321, 0.18332
754.0681, 0.18312
754.6022, 0.18254
754.9941, 0.18219
755.5302, 0.1816
756.0194, 0.18162
756.5057, 0.18128
757.042, 0.18082
757.5289, 0.18058
758.0653, 0.18037
758.5526, 0.18053
759.0425, 0.17975
759.5305, 0.17966
760.0157, 0.17876
760.5499, 0.1787
761.0395, 0.17856
761.5269, 0.17796
762.0641, 0.1779
762.5511, 0.17732
763.0382, 0.17726
763.5271, 0.17684
764.0629, 0.17668
764.5986, 0.17675
765.0852, 0.17583
765.6227, 0.1758
766.0593, 0.17489
766.5483, 0.17486
767.1356, 0.17484
767.5721, 0.17408
768.1569, 0.17393
768.5464, 0.17349
769.1323, 0.17346
769.5684, 0.17345
770.1077, 0.17307
770.5973, 0.17257
771.083, 0.1725
771.5695, 0.17244
772.5932, 0.1716
773.0806, 0.17106
773.568, 0.17088
774.1061, 0.17081
774.592, 0.17018
775.0798, 0.17017
775.6144, 0.16918
776.2488, 0.16919
776.5902, 0.1684
777.1281, 0.16827
777.6626, 0.16826
778.1032, 0.16717
779.1768, 0.16609
779.615, 0.16591
780.1989, 0.16578
780.6381, 0.16476
781.1759, 0.16437
781.612, 0.16357
782.0975, 0.1635
782.6361, 0.16231
783.1236, 0.16195
783.6128, 0.1607
784.1476, 0.16024
784.6371, 0.16037
785.1199, 0.159
785.6605, 0.1588
786.1476, 0.15756
786.6342, 0.15743
787.657, 0.15623
788.1436, 0.15616
788.6346, 0.1549
789.1696, 0.15483
789.6554, 0.154
790.1446, 0.15367
791.169, 0.15249
791.653, 0.15259
792.142, 0.1518
792.678, 0.15177
793.2166, 0.15164
793.6527, 0.15102
794.1898, 0.15094
794.7254, 0.15035
795.1649, 0.15035
796.1873, 0.14995
796.6753, 0.14994
797.2142, 0.14963
797.6998, 0.14972
798.1868, 0.14966
798.6753, 0.14954
799.2115, 0.14956
799.7474, 0.14948
800.1858, 0.14949
800.7224, 0.1495
801.2115, 0.14949
801.7457, 0.14949
802.2349, 0.14941
802.7202, 0.14919
803.2584, 0.14897
803.6981, 0.14895
804.2307, 0.14903
804.7682, 0.14885
805.2098, 0.14899
806.2328, 0.14894
806.7174, 0.14893
807.2064, 0.14869
807.7915, 0.14823
808.328, 0.14834
808.7659, 0.14809
809.2528, 0.14782
809.7896, 0.14775
810.2298, 0.14733
810.7642, 0.1474
811.3008, 0.14703
811.7397, 0.14683
812.2267, 0.14689
812.7627, 0.1459
813.2494, 0.14601
813.739, 0.14528
814.7624, 0.14503
815.2497, 0.1446
816.2717, 0.14403
816.7612, 0.14397
817.2474, 0.14365
817.7842, 0.14337
818.2728, 0.14293
818.7576, 0.1428
819.2968, 0.14272
819.7833, 0.14242
820.2724, 0.14229
820.7574, 0.14209
821.296, 0.14191
821.8311, 0.142
822.2685, 0.14171
822.805, 0.14159
823.2933, 0.14128
823.7802, 0.14145
824.3167, 0.14144
824.8045, 0.14134
825.2936, 0.14122
825.8286, 0.14127
826.3181, 0.14139
826.8035, 0.1416
827.2913, 0.14161
827.876, 0.14177
828.315, 0.14201
828.802, 0.1423
829.338, 0.14255
829.8253, 0.14249
830.3613, 0.14296
831.3392, 0.1437
831.8249, 0.14378
832.3636, 0.14378
832.8502, 0.14443
833.336, 0.1445
833.8235, 0.14551
834.8477, 0.14568
835.3828, 0.14645
835.8221, 0.14644
836.3603, 0.14727
836.8442, 0.14717
837.3353, 0.14779
837.9717, 0.1479
838.3615, 0.1479
838.8423, 0.14877
839.3815, 0.14891
839.8683, 0.15007
840.4046, 0.14998
840.8907, 0.14991
841.4291, 0.15077
841.8669, 0.15102
842.405, 0.15162
842.8933, 0.15156
843.378, 0.15212
843.9147, 0.15254
844.3534, 0.15317
844.8896, 0.15342
845.3768, 0.1534
845.8671, 0.15425
846.4502, 0.15422
846.8899, 0.15544
847.3785, 0.15505
847.9121, 0.15522
848.4017, 0.15635
848.8871, 0.15615
849.3761, 0.15731
849.9109, 0.15716
850.3984, 0.15769
850.8883, 0.15785
851.422, 0.15783
851.9117, 0.15865
852.3967, 0.15872
852.9354, 0.16024
853.4227, 0.16021
853.9078, 0.16012
854.9325, 0.16171
855.4203, 0.16271
855.9092, 0.16271
856.4444, 0.16311
856.9322, 0.16383
857.468, 0.16464
858.4421, 0.16493
858.9304, 0.16607
859.9537, 0.16725
860.4409, 0.16708
860.978, 0.1671
861.4657, 0.16821
862.0024, 0.16797
862.4391, 0.16826
862.978, 0.16909
863.462, 0.16964
863.9509, 0.17031
864.5851, 0.17028
864.975, 0.17097
865.4616, 0.17108
865.9516, 0.17184
866.4873, 0.17165
866.9734, 0.17167
867.4599, 0.17247
868.0466, 0.17244
868.5338, 0.17305
868.9721, 0.17303
869.5101, 0.17312
870.0462, 0.1736
870.4835, 0.17386
870.9694, 0.17384
871.5563, 0.17394
871.9971, 0.17421
872.4836, 0.17412
873.5092, 0.17441
874.0434, 0.17442
875.0167, 0.17465
875.5558, 0.17464
876.0888, 0.1748
876.5291, 0.1748
877.0166, 0.17487
877.5055, 0.17477
878.0381, 0.17486
878.5276, 0.17481
879.0626, 0.1748
879.502, 0.17458
880.0379, 0.17478
880.5264, 0.17465
881.1126, 0.17455
881.5491, 0.17445
882.0386, 0.17424
882.5246, 0.17437
883.1075, 0.17439
883.5477, 0.17429
884.0383, 0.1744
884.5238, 0.17438
885.0618, 0.17438
885.5474, 0.17437
886.0333, 0.17418
886.5689, 0.17423
887.059, 0.17417
887.5487, 0.17423
888.036, 0.17423
888.5717, 0.17423
889.0587, 0.17413
889.5452, 0.17432
890.0822, 0.17421
890.5684, 0.17407
891.056, 0.17422
891.5922, 0.17419
892.1298, 0.17432
892.7145, 0.17444
893.0524, 0.17444
893.5936, 0.17465
894.1761, 0.17453
894.5668, 0.17489
895.1042, 0.17487
895.5875, 0.17474
896.0771, 0.17531
897.101, 0.17625
897.5881, 0.17633
898.0768, 0.17001
898.6116, 0.1793
899.0984, 0.17915
899.6384, 0.17993
900.1249, 0.17994
900.611, 0.18046
901.0992, 0.18084
901.683, 0.18077
902.1216, 0.18161
902.6112, 0.18177
903.0998, 0.18258
903.683, 0.18255
904.1224, 0.18273
904.6589, 0.18346
905.1476, 0.18379
905.6797, 0.18425
906.1191, 0.18419
906.6556, 0.18493
907.1443, 0.18537
907.6792, 0.18596
908.6567, 0.18622
909.1911, 0.18699
909.629, 0.1871
910.1683, 0.18855
910.7015, 0.18854
911.1415, 0.1888
912.26, 0.19
912.7006, 0.19068
913.2358, 0.19149
913.724, 0.19268
914.1622, 0.19308
914.7015, 0.19299
915.2843, 0.19404
915.6779, 0.19439
916.1624, 0.19589
917.1863, 0.19595
917.7712, 0.19758
918.1591, 0.19779
918.696, 0.19901
919.1849, 0.19893
919.6703, 0.19974
920.2075, 0.20046
920.6967, 0.20129
921.1846, 0.20206
921.6711, 0.20205
922.2067, 0.20326
922.6942, 0.20388
923.1843, 0.20374
923.7181, 0.20528
924.2545, 0.20529
924.6951, 0.20655
925.7158, 0.207
926.2051, 0.20786
926.6917, 0.20828
927.2272, 0.20886
927.7162, 0.20886
928.2056, 0.20939
928.7893, 0.20974
929.2297, 0.21029
929.7144, 0.21036
930.2531, 0.21035
930.738, 0.21088
931.2256, 0.21072
931.7137, 0.21103
932.2499, 0.21095
932.7366, 0.21116
933.2265, 0.21107
933.7615, 0.21106
934.2496, 0.21126
934.7366, 0.21117
935.2241, 0.2114
935.7598, 0.21139
936.2469, 0.21138
936.7336, 0.21141
937.3693, 0.21139
937.808, 0.2112
938.2961, 0.211
938.7823, 0.21112
939.3189, 0.21105
939.8061, 0.21136
940.781, 0.21133
941.3176, 0.2111
941.8044, 0.21058
942.2931, 0.21048
942.7783, 0.21001
943.3672, 0.21
943.7555, 0.21049
944.3885, 0.21028
944.7783, 0.21104
945.2662, 0.21079
945.8023, 0.21102
946.3408, 0.21127
946.827, 0.21118
947.3143, 0.21166
947.8519, 0.21176
948.3381, 0.21297
948.8265, 0.21312
949.3138, 0.21314
949.7993, 0.21495
950.3838, 0.21557
950.8235, 0.21782
951.3622, 0.21811
951.7986, 0.21808
952.3374, 0.22097
952.8721, 0.22117
953.3577, 0.22304
953.8462, 0.22302
954.3361, 0.22377
954.8209, 0.22506
955.3085, 0.22586
955.8442, 0.22676
956.3353, 0.22668
956.8198, 0.22759
957.3561, 0.22792
957.8441, 0.229
958.3311, 0.22881
958.818, 0.22888
959.3546, 0.22985
959.8422, 0.22979
960.4287, 0.22994
960.8687, 0.23042
961.3545, 0.23078
961.8899, 0.23077
962.866, 0.23102
963.3502, 0.23072
963.8401, 0.23105
964.3755, 0.23073
964.8646, 0.23084
965.3533, 0.23108
965.8895, 0.231
966.3749, 0.23109
966.8624, 0.23096
967.4481, 0.23098
967.8846, 0.23097
968.3735, 0.23121
968.8605, 0.23107
969.3969, 0.23107
969.8824, 0.23144
970.3723, 0.23135
970.9088, 0.23137
971.3956, 0.23126
971.8832, 0.23144
972.422, 0.23158
973.0563, 0.23132
973.3951, 0.23143
973.9305, 0.23136
974.4185, 0.23155
974.9064, 0.23152
975.4427, 0.23151
975.9332, 0.23167
976.4189, 0.23152
976.9056, 0.23197
977.39, 0.23205
977.9288, 0.23192
978.465, 0.23242
978.9044, 0.23222
979.4394, 0.23297
979.928, 0.23297
980.465, 0.23298
981.4407, 0.23365
981.9266, 0.23429
982.4644, 0.23437
982.9971, 0.23489
983.4373, 0.23488
984.0204, 0.23488
984.4616, 0.23559
984.9507, 0.23542
985.4385, 0.23618
985.9719, 0.23612
986.4622, 0.23627
986.9493, 0.23705
987.9734, 0.23774
988.4594, 0.23768
988.9973, 0.23793
989.5332, 0.23819
989.9704, 0.23851
990.4574, 0.23883
991.4829, 0.23924
991.9691, 0.23947
992.4556, 0.23999
993.0421, 0.23985
993.4781, 0.24001
994.0176, 0.24049
994.5504, 0.24038
994.9911, 0.24088
995.4785, 0.24078
996.0659, 0.2411
996.5045, 0.24133
996.9897, 0.24135
997.4769, 0.24198
998.0136, 0.24196
998.5499, 0.24235
998.9887, 0.24251
999.5736, 0.24251
1000.108, 0.24306
1000.502, 0.24308
1001.527, 0.24371
1002.011, 0.24401
1002.499, 0.24445
1003.038, 0.24485
1003.57, 0.2455
1004.011, 0.2455
1004.548, 0.24599
1005.034, 0.24642
1005.569, 0.24694
1006.058, 0.24711
1006.547, 0.24713
1007.034, 0.24759
1007.569, 0.24767
1008.058, 0.24797
1008.546, 0.24797
1009.031, 0.24797
1009.567, 0.24798
1010.055, 0.24797
1010.544, 0.24791
1011.079, 0.24766
1011.568, 0.2474
1012.053, 0.24723
1012.542, 0.24722
1013.076, 0.24657
1013.565, 0.24643
1014.052, 0.24548
1014.639, 0.24554
1015.075, 0.24541
1015.562, 0.24456
1016.05, 0.24438
1016.588, 0.24375
1017.078, 0.24373
1017.563, 0.24336
1018.097, 0.24302
1018.587, 0.24292
1019.074, 0.2424
1019.661, 0.2424
1020.097, 0.24203
1020.587, 0.24202
1021.075, 0.24196
1021.607, 0.24145
1022.096, 0.24143
1022.633, 0.24101
1023.121, 0.24115
1023.655, 0.24105
1024.095, 0.2408
1024.777, 0.24056
1025.12, 0.2404
1025.657, 0.24049
1026.097, 0.24011
1026.63, 0.24004
1027.119, 0.23982
1027.654, 0.2397
1028.14, 0.23972
1028.678, 0.2393
1029.117, 0.23938
1029.651, 0.23903
1030.14, 0.23903
1030.628, 0.23888
1031.113, 0.23855
1031.65, 0.23856
1032.14, 0.23818
1032.63, 0.23818
1033.164, 0.23773
1033.698, 0.2376
1034.188, 0.23748
1034.676, 0.23717
1035.161, 0.2371
1035.649, 0.23667
1036.184, 0.23665
1036.673, 0.23659
1037.163, 0.2361
1037.646, 0.23585
1038.183, 0.2356
1038.673, 0.23557
1039.157, 0.23539
1040.182, 0.23472
1040.67, 0.23454
1041.694, 0.23428
1042.189, 0.23417
1042.766, 0.23411
1043.398, 0.23408
1043.695, 0.23397
1044.231, 0.23391
1044.716, 0.23388
1045.204, 0.23363
1045.69, 0.23362
1046.181, 0.23352
1046.715, 0.2333
1047.205, 0.2333
1047.692, 0.21521
1048.226, 0.2046
1048.861, 0.20551
1049.199, 0.20575
1049.737, 0.20589
1050.276, 0.20652
1050.713, 0.20668
1051.2, 0.20699
1051.738, 0.207
1052.226, 0.20698
1052.711, 0.20707
1053.297, 0.20683
1053.735, 0.20677
1054.271, 0.20677
1054.76, 0.20632
1055.248, 0.2063
1055.734, 0.20534
1056.221, 0.20535
1056.757, 0.20525
1057.245, 0.20441
1057.73, 0.20453
1058.268, 0.20417
1058.805, 0.20348
1059.243, 0.20332
1060.314, 0.20333
1060.755, 0.20332
1061.29, 0.20346
1061.777, 0.20333
1062.264, 0.20352
1062.754, 0.20341
1063.288, 0.20312
1063.776, 0.20311
1064.265, 0.20228
1064.851, 0.20228
1065.291, 0.20191
1065.776, 0.20126
1066.263, 0.20098
1066.809, 0.2007
1067.287, 0.20063
1067.776, 0.20098
1068.312, 0.20104
1068.798, 0.20106
1069.288, 0.20201
1069.826, 0.20193
1070.315, 0.20354
1070.797, 0.20377
1071.332, 0.20416
1071.821, 0.20614
1072.307, 0.207
1072.796, 0.20915
1073.333, 0.20909
1073.82, 0.21071
1074.309, 0.21235
1074.843, 0.21461
1075.333, 0.21586
1075.817, 0.21588
1076.354, 0.2186
1076.843, 0.21901
1077.331, 0.22212
1077.817, 0.22219
1078.354, 0.22284
1078.841, 0.22494
1079.329, 0.22488
1079.867, 0.22699
1080.351, 0.227
1080.891, 0.22799
1081.375, 0.22887
1081.864, 0.22889
1082.351, 0.23016
1082.839, 0.23006
1083.424, 0.23081
1083.911, 0.23093
1084.351, 0.23087
1084.889, 0.23168
1085.375, 0.23174
1085.861, 0.23221
1086.934, 0.23248
1087.372, 0.23275
1087.859, 0.23299
1088.445, 0.23317
1088.886, 0.23317
1089.372, 0.23317
1089.91, 0.23334
1090.397, 0.2329
1090.933, 0.23288
1091.909, 0.23206
1092.394, 0.23206
1093.416, 0.23105
1093.905, 0.23069
1094.395, 0.2304
1094.932, 0.23034
1095.415, 0.23034
1095.955, 0.23034
1096.439, 0.23063
1096.929, 0.23074
1097.415, 0.2309
1098.443, 0.22778
1098.927, 0.22833
1099.413, 0.22821
1099.949, 0.2285
1100.538, 0.22925
1100.928, 0.22972
1101.46, 0.23051
1101.948, 0.23045
1102.436, 0.23136
1102.974, 0.23191
1103.461, 0.23335
1103.999, 0.23394
1104.436, 0.23395
1105.022, 0.23621
1105.46, 0.23632
1105.946, 0.23854
1106.582, 0.23856
1106.972, 0.23905
1107.456, 0.24045
1108.481, 0.24083
1108.969, 0.24161
1109.454, 0.24194
1109.993, 0.2422
1110.528, 0.24222
1110.97, 0.2424
1111.502, 0.2426
1111.991, 0.24289
1112.477, 0.24296
1113.502, 0.24336
1113.99, 0.24356
1114.527, 0.244
1115.011, 0.24401
1115.499, 0.2443
1115.987, 0.24464
1116.573, 0.24464
1117.014, 0.24473
1117.549, 0.24471
1117.988, 0.24453
1118.523, 0.24434
1119.06, 0.24436
1119.497, 0.24377
1120.035, 0.24352
1120.522, 0.24282
1121.008, 0.24275
1121.546, 0.24246
1122.035, 0.2417
1122.57, 0.24069
1123.595, 0.24052
1124.032, 0.23957
1124.519, 0.23939
1125.107, 0.23862
1125.543, 0.23844
1126.031, 0.23845
1126.567, 0.23772
1127.058, 0.23747
1127.543, 0.23719
1128.03, 0.23719
1128.663, 0.23696
1129.055, 0.23676
1129.642, 0.23677
1130.078, 0.23554
1130.563, 0.23565
1131.101, 0.23249
1131.589, 0.23125
1132.077, 0.23119
1132.563, 0.22467
1133.588, 0.218
1134.124, 0.21809
1134.612, 0.21657
1135.295, 0.21174
1135.586, 0.20911
1136.074, 0.20539
1136.661, 0.20538
1137.1, 0.20172
1137.584, 0.19914
1138.122, 0.19508
1138.609, 0.19381
1139.097, 0.19388
1140.119, 0.18948
1140.656, 0.18549
1141.098, 0.18541
1141.631, 0.18404
1142.118, 0.18069
1142.605, 0.18076
1143.145, 0.17593
1143.629, 0.17602
1144.119, 0.17319
1144.604, 0.17167
1145.141, 0.17166
1145.629, 0.16742
1146.118, 0.16754
1146.652, 0.16928
1147.141, 0.16471
1147.676, 0.16442
1148.163, 0.16294
1148.65, 0.16204
1149.139, 0.16007
1150.214, 0.15888
1150.649, 0.15758
1151.139, 0.15651
1151.82, 0.15584
1152.163, 0.15573
1152.647, 0.15266
1153.672, 0.14652
1154.161, 0.14629
1154.646, 0.14554
1155.234, 0.14071
1155.719, 0.14062
1156.207, 0.1369
1156.695, 0.13698
1157.232, 0.13612
1157.67, 0.13532
1158.209, 0.13533
1158.694, 0.13389
1159.182, 0.13345
1159.717, 0.13391
1160.205, 0.12768
1160.692, 0.12761
1161.179, 0.12508
1161.716, 0.12492
1162.204, 0.12455
1162.693, 0.12461
1163.23, 0.12401
1163.714, 0.12281
1164.253, 0.12115
1165.224, 0.11983
1165.713, 0.11876
1166.25, 0.11833
1166.737, 0.11849
1167.272, 0.11846
1167.712, 0.11833
1168.249, 0.11712
1168.736, 0.11723
1169.226, 0.11749
1169.76, 0.11867
1170.249, 0.11724
1170.735, 0.11481
1171.221, 0.11479
1171.757, 0.11439
1172.297, 0.11278
1172.734, 0.11202
1173.269, 0.11191
1173.757, 0.1119
1174.295, 0.11107
1174.734, 0.11068
1175.268, 0.10629
1175.756, 0.10631
1176.244, 0.10477
1176.78, 0.10096
1177.268, 0.10094
1177.755, 0.09614
1178.778, 0.09449
1179.27, 0.09122001
1179.754, 0.09122001
1180.292, 0.08771
1180.776, 0.08783001
1181.264, 0.08226001
1181.801, 0.08204
1182.289, 0.08074
1182.776, 0.07249
1183.313, 0.07093
1183.8, 0.06756
1184.289, 0.06762001
1184.775, 0.06474
1185.312, 0.05727
1185.947, 0.05005
1186.335, 0
1186.822, 0
1187.31, 0.039983
1187.892, 0.039983
1188.332, 0.035848
1188.82, 0.024123
1189.355, 0.024123
1189.795, 0.014248
1190.33, 0.005641
1190.866, 0.005641
1191.403, -0.013553
1191.89, -0.013553
1192.329, -0.02719
1192.816, -0.042282
1193.353, -0.042282
1193.845, 0
1194.379, -0.10216
1194.817, -0.11875
1195.353, -0.11894
1195.888, -0.20566
1196.329, -0.20559
1196.914, -0.20566
1197.401, -0.20565
1197.839, -0.20565
1198.328, -0.20566
1198.963, -0.20559
1199.353, -0.20567
1199.89, -0.20573
1200.424, -0.20561
1200.912, -0.20569
1201.401, -0.20555
1201.935, -0.20556
1202.423, -0.20557
1202.86, -0.20557


